-- phpMyAdmin SQL Dump
-- version 4.9.2
-- https://www.phpmyadmin.net/
--
-- Host: 127.0.0.1
-- Generation Time: Jan 25, 2020 at 02:13 PM
-- Server version: 10.4.10-MariaDB
-- PHP Version: 7.3.12

SET SQL_MODE = "NO_AUTO_VALUE_ON_ZERO";
SET AUTOCOMMIT = 0;
START TRANSACTION;
SET time_zone = "+00:00";


/*!40101 SET @OLD_CHARACTER_SET_CLIENT=@@CHARACTER_SET_CLIENT */;
/*!40101 SET @OLD_CHARACTER_SET_RESULTS=@@CHARACTER_SET_RESULTS */;
/*!40101 SET @OLD_COLLATION_CONNECTION=@@COLLATION_CONNECTION */;
/*!40101 SET NAMES utf8mb4 */;

--
-- Database: `adcpp_new`
--

-- --------------------------------------------------------

--
-- Table structure for table `adc`
--

CREATE TABLE `adc` (
  `adc_id` bigint(20) NOT NULL,
  `code` varchar(255) NOT NULL,
  `email` varchar(255) NOT NULL,
  `is_selling` bit(1) DEFAULT NULL,
  `phone_1` varchar(255) NOT NULL,
  `phone_2` varchar(255) DEFAULT NULL,
  `mobile_1` varchar(255) NOT NULL,
  `mobile_2` varchar(255) DEFAULT NULL,
  `name` varchar(255) NOT NULL,
  `office_address` varchar(255) NOT NULL,
  `city_id` bigint(20) DEFAULT NULL
) ENGINE=InnoDB DEFAULT CHARSET=utf8mb4;

--
-- Dumping data for table `adc`
--

INSERT INTO `adc` (`adc_id`, `code`, `email`, `is_selling`, `phone_1`, `phone_2`, `mobile_1`, `mobile_2`, `name`, `office_address`, `city_id`) VALUES
(1, '0001', 'rcvgalima@gmail.com', b'1', '2754-08411111', '2754-08411111', '09662030668', '09662030668', 'QC ADC ', 'UNIT A 2/F  MDC BLDG. COMMONWEALTH COR. TANDANG SORA AVE., CULIAT, Q.C.', 1367),
(6, '0002', 'raymond13ize@gmail.com', b'1', '2754-08411111', NULL, '09662030668', NULL, 'Caloocan ADC', 'Dito lang po samin', 1369);

-- --------------------------------------------------------

--
-- Table structure for table `city`
--

CREATE TABLE `city` (
  `id` bigint(20) NOT NULL,
  `city_code` varchar(255) DEFAULT NULL,
  `name` varchar(255) DEFAULT NULL,
  `prov_code` varchar(255) DEFAULT NULL,
  `psgc_code` varchar(255) DEFAULT NULL,
  `zip_code` varchar(255) DEFAULT NULL,
  `reg_id` bigint(20) DEFAULT NULL
) ENGINE=InnoDB DEFAULT CHARSET=utf8mb4;

--
-- Dumping data for table `city`
--

INSERT INTO `city` (`id`, `city_code`, `name`, `prov_code`, `psgc_code`, `zip_code`, `reg_id`) VALUES
(1, '012801', 'ADAMS', '0128', '012801000', '2922', 1),
(2, '012802', 'BACARRA', '0128', '012802000', '2916', 1),
(3, '012803', 'BADOC', '0128', '012803000', '2904', 1),
(4, '012804', 'BANGUI', '0128', '012804000', '2920', 1),
(5, '012805', 'CITY OF BATAC', '0128', '012805000', '2906', 1),
(6, '012806', 'BURGOS', '0128', '012806000', '2918', 1),
(7, '012807', 'CARASI', '0128', '012807000', '2911', 1),
(8, '012808', 'CURRIMAO', '0128', '012808000', '2903', 1),
(9, '012809', 'DINGRAS', '0128', '012809000', '2913', 1),
(10, '012810', 'DUMALNEG', '0128', '012810000', '2921', 1),
(11, '012811', 'BANNA (ESPIRITU)', '0128', '012811000', '2908', 1),
(12, '012812', 'LAOAG CITY (Capital)', '0128', '012812000', '2900', 1),
(13, '012813', 'MARCOS', '0128', '012813000', '2907', 1),
(14, '012814', 'NUEVA ERA', '0128', '012814000', '2909', 1),
(15, '012815', 'PAGUDPUD', '0128', '012815000', '2919', 1),
(16, '012816', 'PAOAY', '0128', '012816000', '2902', 1),
(17, '012817', 'PASUQUIN', '0128', '012817000', '2917', 1),
(18, '012818', 'PIDDIG', '0128', '012818000', '2912', 1),
(19, '012819', 'PINILI', '0128', '012819000', '2905', 1),
(20, '012820', 'SAN NICOLAS', '0128', '012820000', '2901', 1),
(21, '012821', 'SARRAT', '0128', '012821000', '2914', 1),
(22, '012822', 'SOLSONA', '0128', '012822000', '2910', 1),
(23, '012823', 'VINTAR', '0128', '012823000', '2915', 1),
(24, '012901', 'ALILEM', '0129', '012901000', '2716', 1),
(25, '012902', 'BANAYOYO', '0129', '012902000', '2708', 1),
(26, '012903', 'BANTAY', '0129', '012903000', '2727', 1),
(27, '012904', 'BURGOS', '0129', '012904000', '2724', 1),
(28, '012905', 'CABUGAO', '0129', '012905000', '2732', 1),
(29, '012906', 'CITY OF CANDON', '0129', '012906000', '2710', 1),
(30, '012907', 'CAOAYAN', '0129', '012907000', '2702', 1),
(31, '012908', 'CERVANTES', '0129', '012908000', '2718', 1),
(32, '012909', 'GALIMUYOD', '0129', '012909000', '2709', 1),
(33, '012910', 'GREGORIO DEL PILAR (CONCEPCION)', '0129', '012910000', '2720', 1),
(34, '012911', 'LIDLIDDA', '0129', '012911000', '2723', 1),
(35, '012912', 'MAGSINGAL', '0129', '012912000', '2730', 1),
(36, '012913', 'NAGBUKEL', '0129', '012913000', '2725', 1),
(37, '012914', 'NARVACAN', '0129', '012914000', '2704', 1),
(38, '012915', 'QUIRINO (ANGKAKI)', '0129', '012915000', '2721', 1),
(39, '012916', 'SALCEDO (BAUGEN)', '0129', '012916000', '2711', 1),
(40, '012917', 'SAN EMILIO', '0129', '012917000', '2722', 1),
(41, '012918', 'SAN ESTEBAN', '0129', '012918000', '2706', 1),
(42, '012919', 'SAN ILDEFONSO', '0129', '012919000', '2728', 1),
(43, '012920', 'SAN JUAN (LAPOG)', '0129', '012920000', '2731', 1),
(44, '012921', 'SAN VICENTE', '0129', '012921000', '2726', 1),
(45, '012922', 'SANTA', '0129', '012922000', '2703', 1),
(46, '012923', 'SANTA CATALINA', '0129', '012923000', '2701', 1),
(47, '012924', 'SANTA CRUZ', '0129', '012924000', '2713', 1),
(48, '012925', 'SANTA LUCIA', '0129', '012925000', '2712', 1),
(49, '012926', 'SANTA MARIA', '0129', '012926000', '2705', 1),
(50, '012927', 'SANTIAGO', '0129', '012927000', '2707', 1),
(51, '012928', 'SANTO DOMINGO', '0129', '012928000', '2729', 1),
(52, '012929', 'SIGAY', '0129', '012929000', '2719', 1),
(53, '012930', 'SINAIT', '0129', '012930000', '2733', 1),
(54, '012931', 'SUGPON', '0129', '012931000', '2717', 1),
(55, '012932', 'SUYO', '0129', '012932000', '2715', 1),
(56, '012933', 'TAGUDIN', '0129', '012933000', '2714', 1),
(57, '012934', 'CITY OF VIGAN (Capital)', '0129', '012934000', '2700', 1),
(58, '013301', 'AGOO', '0133', '013301000', '2504', 1),
(59, '013302', 'ARINGAY', '0133', '013302000', '2503', 1),
(60, '013303', 'BACNOTAN', '0133', '013303000', '2515', 1),
(61, '013304', 'BAGULIN', '0133', '013304000', '2512', 1),
(62, '013305', 'BALAOAN', '0133', '013305000', '2517', 1),
(63, '013306', 'BANGAR', '0133', '013306000', '2519', 1),
(64, '013307', 'BAUANG', '0133', '013307000', '2501', 1),
(65, '013308', 'BURGOS', '0133', '013308000', '2510', 1),
(66, '013309', 'CABA', '0133', '013309000', '2502', 1),
(67, '013310', 'LUNA', '0133', '013310000', '2518', 1),
(68, '013311', 'NAGUILIAN', '0133', '013311000', '2511', 1),
(69, '013312', 'PUGO', '0133', '013312000', '2508', 1),
(70, '013313', 'ROSARIO', '0133', '013313000', '2506', 1),
(71, '013314', 'CITY OF SAN FERNANDO (Capital)', '0133', '013314000', '2500', 1),
(72, '013315', 'SAN GABRIEL', '0133', '013315000', '2513', 1),
(73, '013316', 'SAN JUAN', '0133', '013316000', '2514', 1),
(74, '013317', 'SANTO TOMAS', '0133', '013317000', '2505', 1),
(75, '013318', 'SANTOL', '0133', '013318000', '2516', 1),
(76, '013319', 'SUDIPEN', '0133', '013319000', '2520', 1),
(77, '013320', 'TUBAO', '0133', '013320000', '2509', 1),
(78, '015501', 'AGNO', '0155', '015501000', '2408', 1),
(79, '015502', 'AGUILAR', '0155', '015502000', '2415', 1),
(80, '015503', 'CITY OF ALAMINOS', '0155', '015503000', '2404', 1),
(81, '015504', 'ALCALA', '0155', '015504000', '2425', 1),
(82, '015505', 'ANDA', '0155', '015505000', '2405', 1),
(83, '015506', 'ASINGAN', '0155', '015506000', '2439', 1),
(84, '015507', 'BALUNGAO', '0155', '015507000', '2442', 1),
(85, '015508', 'BANI', '0155', '015508000', '2407', 1),
(86, '015509', 'BASISTA', '0155', '015509000', '2422', 1),
(87, '015510', 'BAUTISTA', '0155', '015510000', '2424', 1),
(88, '015511', 'BAYAMBANG', '0155', '015511000', '2423', 1),
(89, '015512', 'BINALONAN', '0155', '015512000', '2436', 1),
(90, '015513', 'BINMALEY', '0155', '015513000', '2417', 1),
(91, '015514', 'BOLINAO', '0155', '015514000', '2406', 1),
(92, '015515', 'BUGALLON', '0155', '015515000', '2416', 1),
(93, '015516', 'BURGOS', '0155', '015516000', '2410', 1),
(94, '015517', 'CALASIAO', '0155', '015517000', '2418', 1),
(95, '015518', 'DAGUPAN CITY', '0155', '015518000', '2400', 1),
(96, '015519', 'DASOL', '0155', '015519000', '2411', 1),
(97, '015520', 'INFANTA', '0155', '015520000', '2412', 1),
(98, '015521', 'LABRADOR', '0155', '015521000', '2402', 1),
(99, '015522', 'LINGAYEN (Capital)', '0155', '015522000', '2401', 1),
(100, '015523', 'MABINI', '0155', '015523000', '2409', 1),
(101, '015524', 'MALASIQUI', '0155', '015524000', '2421', 1),
(102, '015525', 'MANAOAG', '0155', '015525000', '2430', 1),
(103, '015526', 'MANGALDAN', '0155', '015526000', '2432', 1),
(104, '015527', 'MANGATAREM', '0155', '015527000', '2413', 1),
(105, '015528', 'MAPANDAN', '0155', '015528000', '2429', 1),
(106, '015529', 'NATIVIDAD', '0155', '015529000', '2446', 1),
(107, '015530', 'POZORRUBIO', '0155', '015530000', '2435', 1),
(108, '015531', 'ROSALES', '0155', '015531000', '2441', 1),
(109, '015532', 'SAN CARLOS CITY', '0155', '015532000', '2420', 1),
(110, '015533', 'SAN FABIAN', '0155', '015533000', '2433', 1),
(111, '015534', 'SAN JACINTO', '0155', '015534000', '2431', 1),
(112, '015535', 'SAN MANUEL', '0155', '015535000', '2438', 1),
(113, '015536', 'SAN NICOLAS', '0155', '015536000', '2447', 1),
(114, '015537', 'SAN QUINTIN', '0155', '015537000', '2444', 1),
(115, '015538', 'SANTA BARBARA', '0155', '015538000', '2419', 1),
(116, '015539', 'SANTA MARIA', '0155', '015539000', '2440', 1),
(117, '015540', 'SANTO TOMAS', '0155', '015540000', '2426', 1),
(118, '015541', 'SISON', '0155', '015541000', '2434', 1),
(119, '015542', 'SUAL', '0155', '015542000', '2403', 1),
(120, '015543', 'TAYUG', '0155', '015543000', '2445', 1),
(121, '015544', 'UMINGAN', '0155', '015544000', '2443', 1),
(122, '015545', 'URBIZTONDO', '0155', '015545000', '2414', 1),
(123, '015546', 'CITY OF URDANETA', '0155', '015546000', '2428', 1),
(124, '015547', 'VILLASIS', '0155', '015547000', '2427', 1),
(125, '015548', 'LAOAC', '0155', '015548000', '2437', 1),
(126, '020901', 'BASCO (Capital)', '0209', '020901000', '3900', 2),
(127, '020902', 'ITBAYAT', '0209', '020902000', '3905', 2),
(128, '020903', 'IVANA', '0209', '020903000', '3902', 2),
(129, '020904', 'MAHATAO', '0209', '020904000', '3901', 2),
(130, '020905', 'SABTANG', '0209', '020905000', '3904', 2),
(131, '020906', 'UYUGAN', '0209', '020906000', '3903', 2),
(132, '021501', 'ABULUG', '0215', '021501000', '3515', 2),
(133, '021502', 'ALCALA', '0215', '021502000', '3507', 2),
(134, '021503', 'ALLACAPAN', '0215', '021503000', '3523', 2),
(135, '021504', 'AMULUNG', '0215', '021504000', '3505', 2),
(136, '021505', 'APARRI', '0215', '021505000', '3515', 2),
(137, '021506', 'BAGGAO', '0215', '021506000', '3506', 2),
(138, '021507', 'BALLESTEROS', '0215', '021507000', '3516', 2),
(139, '021508', 'BUGUEY', '0215', '021508000', '3511', 2),
(140, '021509', 'CALAYAN', '0215', '021509000', '3520', 2),
(141, '021510', 'CAMALANIUGAN', '0215', '021510000', '3510', 2),
(142, '021511', 'CLAVERIA', '0215', '021511000', '3519', 2),
(143, '021512', 'ENRILE', '0215', '021512000', '3501', 2),
(144, '021513', 'GATTARAN', '0215', '021513000', '3508', 2),
(145, '021514', 'GONZAGA', '0215', '021514000', '3513', 2),
(146, '021515', 'IGUIG', '0215', '021515000', '3504', 2),
(147, '021516', 'LAL-LO', '0215', '021516000', '3509', 2),
(148, '021517', 'LASAM', '0215', '021517000', '3524', 2),
(149, '021518', 'PAMPLONA', '0215', '021518000', '3522', 2),
(150, '021519', 'PEÑABLANCA', '0215', '021519000', '3502', 2),
(151, '021520', 'PIAT', '0215', '021520000', '3527', 2),
(152, '021521', 'RIZAL', '0215', '021521000', '3526', 2),
(153, '021522', 'SANCHEZ-MIRA', '0215', '021522000', '3518', 2),
(154, '021523', 'SANTA ANA', '0215', '021523000', '3514', 2),
(155, '021524', 'SANTA PRAXEDES', '0215', '021524000', '3521', 2),
(156, '021525', 'SANTA TERESITA', '0215', '021525000', '3512', 2),
(157, '021526', 'SANTO NIÑO (FAIRE)', '0215', '021526000', '3525', 2),
(158, '021527', 'SOLANA', '0215', '021527000', '3503', 2),
(159, '021528', 'TUAO', '0215', '021528000', '3528', 2),
(160, '021529', 'TUGUEGARAO CITY (Capital)', '0215', '021529000', '3500', 2),
(161, '023101', 'ALICIA', '0231', '023101000', '3306', 2),
(162, '023102', 'ANGADANAN', '0231', '023102000', '3307', 2),
(163, '023103', 'AURORA', '0231', '023103000', '3316', 2),
(164, '023104', 'BENITO SOLIVEN', '0231', '023104000', '3331', 2),
(165, '023105', 'BURGOS', '0231', '023105000', '3322', 2),
(166, '023106', 'CABAGAN', '0231', '023106000', '3328', 2),
(167, '023107', 'CABATUAN', '0231', '023107000', '3315', 2),
(168, '023108', 'CITY OF CAUAYAN', '0231', '023108000', '3305', 2),
(169, '023109', 'CORDON', '0231', '023109000', '3312', 2),
(170, '023110', 'DINAPIGUE', '0231', '023110000', '3336', 2),
(171, '023111', 'DIVILACAN', '0231', '023111000', '3335', 2),
(172, '023112', 'ECHAGUE', '0231', '023112000', '3309', 2),
(173, '023113', 'GAMU', '0231', '023113000', '3301', 2),
(174, '023114', 'ILAGAN CITY (Capital)', '0231', '023114000', '3330', 2),
(175, '023115', 'JONES', '0231', '023115000', '3313', 2),
(176, '023116', 'LUNA', '0231', '023116000', '3304', 2),
(177, '023117', 'MACONACON', '0231', '023117000', '3333', 2),
(178, '023118', 'DELFIN ALBANO (MAGSAYSAY)', '0231', '023118000', '3326', 2),
(179, '023119', 'MALLIG', '0231', '023119000', '3323', 2),
(180, '023120', 'NAGUILIAN', '0231', '023120000', '3302', 2),
(181, '023121', 'PALANAN', '0231', '023121000', '3334', 2),
(182, '023122', 'QUEZON', '0231', '023122000', '3324', 2),
(183, '023123', 'QUIRINO', '0231', '023123000', '3321', 2),
(184, '023124', 'RAMON', '0231', '023124000', '3319', 2),
(185, '023125', 'REINA MERCEDES', '0231', '023125000', '3303', 2),
(186, '023126', 'ROXAS', '0231', '023126000', '3320', 2),
(187, '023127', 'SAN AGUSTIN', '0231', '023127000', '3314', 2),
(188, '023128', 'SAN GUILLERMO', '0231', '023128000', '3308', 2),
(189, '023129', 'SAN ISIDRO', '0231', '023129000', '3310', 2),
(190, '023130', 'SAN MANUEL', '0231', '023130000', '3317', 2),
(191, '023131', 'SAN MARIANO', '0231', '023131000', '3332', 2),
(192, '023132', 'SAN MATEO', '0231', '023132000', '3318', 2),
(193, '023133', 'SAN PABLO', '0231', '023133000', '3329', 2),
(194, '023134', 'SANTA MARIA', '0231', '023134000', '3330', 2),
(195, '023135', 'CITY OF SANTIAGO', '0231', '023135000', '3311', 2),
(196, '023136', 'SANTO TOMAS', '0231', '023136000', '3327', 2),
(197, '023137', 'TUMAUINI', '0231', '023137000', '3325', 2),
(198, '025001', 'AMBAGUIO', '0250', '025001000', '3701', 2),
(199, '025002', 'ARITAO', '0250', '025002000', '3704', 2),
(200, '025003', 'BAGABAG', '0250', '025003000', '3711', 2),
(201, '025004', 'BAMBANG', '0250', '025004000', '3702', 2),
(202, '025005', 'BAYOMBONG (Capital)', '0250', '025005000', '3700', 2),
(203, '025006', 'DIADI', '0250', '025006000', '3712', 2),
(204, '025007', 'DUPAX DEL NORTE', '0250', '025007000', '3706', 2),
(205, '025008', 'DUPAX DEL SUR', '0250', '025008000', '3707', 2),
(206, '025009', 'KASIBU', '0250', '025009000', '3703', 2),
(207, '025010', 'KAYAPA', '0250', '025010000', '3708', 2),
(208, '025011', 'QUEZON', '0250', '025011000', '3713', 2),
(209, '025012', 'SANTA FE', '0250', '025012000', '3705', 2),
(210, '025013', 'SOLANO', '0250', '025013000', '3709', 2),
(211, '025014', 'VILLAVERDE', '0250', '025014000', '3710', 2),
(212, '025015', 'ALFONSO CASTANEDA', '0250', '025015000', '3714', 2),
(213, '025701', 'AGLIPAY', '0257', '025701000', '3403', 2),
(214, '025702', 'CABARROGUIS (Capital)', '0257', '025702000', '3400', 2),
(215, '025703', 'DIFFUN', '0257', '025703000', '3401', 2),
(216, '025704', 'MADDELA', '0257', '025704000', '3404', 2),
(217, '025705', 'SAGUDAY', '0257', '025705000', '3402', 2),
(218, '025706', 'NAGTIPUNAN', '0257', '025706000', '3405', 2),
(219, '030801', 'ABUCAY', '0308', '030801000', '2114', 3),
(220, '030802', 'BAGAC', '0308', '030802000', '2107', 3),
(221, '030803', 'CITY OF BALANGA (Capital)', '0308', '030803000', '2100', 3),
(222, '030804', 'DINALUPIHAN', '0308', '030804000', '2110', 3),
(223, '030805', 'HERMOSA', '0308', '030805000', '2111', 3),
(224, '030806', 'LIMAY', '0308', '030806000', '2103', 3),
(225, '030807', 'MARIVELES', '0308', '030807000', '2105', 3),
(226, '030808', 'MORONG', '0308', '030808000', '2108', 3),
(227, '030809', 'ORANI', '0308', '030809000', '2112', 3),
(228, '030810', 'ORION', '0308', '030810000', '2102', 3),
(229, '030811', 'PILAR', '0308', '030811000', '2101', 3),
(230, '030812', 'SAMAL', '0308', '030812000', '2113', 3),
(231, '031401', 'ANGAT', '0314', '031401000', '3012', 3),
(232, '031402', 'BALAGTAS (BIGAA)', '0314', '031402000', '3016', 3),
(233, '031403', 'BALIUAG', '0314', '031403000', '3006', 3),
(234, '031404', 'BOCAUE', '0314', '031404000', '3018', 3),
(235, '031405', 'BULACAN', '0314', '031405000', '3017', 3),
(236, '031406', 'BUSTOS', '0314', '031406000', '3007', 3),
(237, '031407', 'CALUMPIT', '0314', '031407000', '3003', 3),
(238, '031408', 'GUIGUINTO', '0314', '031408000', '3015', 3),
(239, '031409', 'HAGONOY', '0314', '031409000', '3002', 3),
(240, '031410', 'CITY OF MALOLOS (Capital)', '0314', '031410000', '3000', 3),
(241, '031411', 'MARILAO', '0314', '031411000', '3019', 3),
(242, '031412', 'CITY OF MEYCAUAYAN', '0314', '031412000', '3020', 3),
(243, '031413', 'NORZAGARAY', '0314', '031413000', '3013', 3),
(244, '031414', 'OBANDO', '0314', '031414000', '3021', 3),
(245, '031415', 'PANDI', '0314', '031415000', '3014', 3),
(246, '031416', 'PAOMBONG', '0314', '031416000', '3001', 3),
(247, '031417', 'PLARIDEL', '0314', '031417000', '3004', 3),
(248, '031418', 'PULILAN', '0314', '031418000', '3005', 3),
(249, '031419', 'SAN ILDEFONSO', '0314', '031419000', '3010', 3),
(250, '031420', 'CITY OF SAN JOSE DEL MONTE', '0314', '031420000', '3023', 3),
(251, '031421', 'SAN MIGUEL', '0314', '031421000', '3011', 3),
(252, '031422', 'SAN RAFAEL', '0314', '031422000', '3008', 3),
(253, '031423', 'SANTA MARIA', '0314', '031423000', '3022', 3),
(254, '031424', 'DOÑA REMEDIOS TRINIDAD', '0314', '031424000', '3009', 3),
(255, '034901', 'ALIAGA', '0349', '034901000', '3111', 3),
(256, '034902', 'BONGABON', '0349', '034902000', '3128', 3),
(257, '034903', 'CABANATUAN CITY', '0349', '034903000', '3100', 3),
(258, '034904', 'CABIAO', '0349', '034904000', '3107', 3),
(259, '034905', 'CARRANGLAN', '0349', '034905000', '3123', 3),
(260, '034906', 'CUYAPO', '0349', '034906000', '3117', 3),
(261, '034907', 'GABALDON (BITULOK & SABANI)', '0349', '034907000', '3131', 3),
(262, '034908', 'CITY OF GAPAN', '0349', '034908000', '3105', 3),
(263, '034909', 'GENERAL MAMERTO NATIVIDAD', '0349', '034909000', '3125', 3),
(264, '034910', 'GENERAL TINIO (PAPAYA)', '0349', '034910000', '3104', 3),
(265, '034911', 'GUIMBA', '0349', '034911000', '3115', 3),
(266, '034912', 'JAEN', '0349', '034912000', '3109', 3),
(267, '034913', 'LAUR', '0349', '034913000', '3129', 3),
(268, '034914', 'LICAB', '0349', '034914000', '3112', 3),
(269, '034915', 'LLANERA', '0349', '034915000', '3126', 3),
(270, '034916', 'LUPAO', '0349', '034916000', '3122', 3),
(271, '034917', 'SCIENCE CITY OF MUÑOZ', '0349', '034917000', '3119', 3),
(272, '034918', 'NAMPICUAN', '0349', '034918000', '3116', 3),
(273, '034919', 'PALAYAN CITY (Capital)', '0349', '034919000', '3132', 3),
(274, '034920', 'PANTABANGAN', '0349', '034920000', '3124', 3),
(275, '034921', 'PEÑARANDA', '0349', '034921000', '3103', 3),
(276, '034922', 'QUEZON', '0349', '034922000', '3113', 3),
(277, '034923', 'RIZAL', '0349', '034923000', '3127', 3),
(278, '034924', 'SAN ANTONIO', '0349', '034924000', '3108', 3),
(279, '034925', 'SAN ISIDRO', '0349', '034925000', '3106', 3),
(280, '034926', 'SAN JOSE CITY', '0349', '034926000', '3121', 3),
(281, '034927', 'SAN LEONARDO', '0349', '034927000', '3102', 3),
(282, '034928', 'SANTA ROSA', '0349', '034928000', '3101', 3),
(283, '034929', 'SANTO DOMINGO', '0349', '034929000', '3133', 3),
(284, '034930', 'TALAVERA', '0349', '034930000', '3114', 3),
(285, '034931', 'TALUGTUG', '0349', '034931000', '3118', 3),
(286, '034932', 'ZARAGOZA', '0349', '034932000', '3110', 3),
(287, '035401', 'ANGELES CITY', '0354', '035401000', '2009', 3),
(288, '035402', 'APALIT', '0354', '035402000', '2016', 3),
(289, '035403', 'ARAYAT', '0354', '035403000', '2012', 3),
(290, '035404', 'BACOLOR', '0354', '035404000', '2001', 3),
(291, '035405', 'CANDABA', '0354', '035405000', '2013', 3),
(292, '035406', 'FLORIDABLANCA', '0354', '035406000', '2006', 3),
(293, '035407', 'GUAGUA', '0354', '035407000', '2003', 3),
(294, '035408', 'LUBAO', '0354', '035408000', '2005', 3),
(295, '035409', 'MABALACAT CITY', '0354', '035409000', '2010', 3),
(296, '035410', 'MACABEBE', '0354', '035410000', '2018', 3),
(297, '035411', 'MAGALANG', '0354', '035411000', '2011', 3),
(298, '035412', 'MASANTOL', '0354', '035412000', '2017', 3),
(299, '035413', 'MEXICO', '0354', '035413000', '2021', 3),
(300, '035414', 'MINALIN', '0354', '035414000', '2019', 3),
(301, '035415', 'PORAC', '0354', '035415000', '2008', 3),
(302, '035416', 'CITY OF SAN FERNANDO (Capital)', '0354', '035416000', '2000', 3),
(303, '035417', 'SAN LUIS', '0354', '035417000', '2014', 3),
(304, '035418', 'SAN SIMON', '0354', '035418000', '2015', 3),
(305, '035419', 'SANTA ANA', '0354', '035419000', '2022', 3),
(306, '035420', 'SANTA RITA', '0354', '035420000', '2002', 3),
(307, '035421', 'SANTO TOMAS', '0354', '035421000', '2020', 3),
(308, '035422', 'SASMUAN (Sexmoan)', '0354', '035422000', '2004', 3),
(309, '036901', 'ANAO', '0369', '036901000', '2310', 3),
(310, '036902', 'BAMBAN', '0369', '036902000', '2317', 3),
(311, '036903', 'CAMILING', '0369', '036903000', '2306', 3),
(312, '036904', 'CAPAS', '0369', '036904000', '2315', 3),
(313, '036905', 'CONCEPCION', '0369', '036905000', '2316', 3),
(314, '036906', 'GERONA', '0369', '036906000', '2302', 3),
(315, '036907', 'LA PAZ', '0369', '036907000', '2314', 3),
(316, '036908', 'MAYANTOC', '0369', '036908000', '2304', 3),
(317, '036909', 'MONCADA', '0369', '036909000', '2308', 3),
(318, '036910', 'PANIQUI', '0369', '036910000', '2307', 3),
(319, '036911', 'PURA', '0369', '036911000', '2312', 3),
(320, '036912', 'RAMOS', '0369', '036912000', '2311', 3),
(321, '036913', 'SAN CLEMENTE', '0369', '036913000', '2305', 3),
(322, '036914', 'SAN MANUEL', '0369', '036914000', '2309', 3),
(323, '036915', 'SANTA IGNACIA', '0369', '036915000', '2303', 3),
(324, '036916', 'CITY OF TARLAC (Capital)', '0369', '036916000', '2300', 3),
(325, '036917', 'VICTORIA', '0369', '036917000', '2313', 3),
(326, '036918', 'SAN JOSE', '0369', '036918000', '2318', 3),
(327, '037101', 'BOTOLAN', '0371', '037101000', '2202', 3),
(328, '037102', 'CABANGAN', '0371', '037102000', '2203', 3),
(329, '037103', 'CANDELARIA', '0371', '037103000', '2212', 3),
(330, '037104', 'CASTILLEJOS', '0371', '037104000', '2208', 3),
(331, '037105', 'IBA (Capital)', '0371', '037105000', '2201', 3),
(332, '037106', 'MASINLOC', '0371', '037106000', '2211', 3),
(333, '037107', 'OLONGAPO CITY', '0371', '037107000', '2200', 3),
(334, '037108', 'PALAUIG', '0371', '037108000', '2210', 3),
(335, '037109', 'SAN ANTONIO', '0371', '037109000', '2206', 3),
(336, '037110', 'SAN FELIPE', '0371', '037110000', '2204', 3),
(337, '037111', 'SAN MARCELINO', '0371', '037111000', '2207', 3),
(338, '037112', 'SAN NARCISO', '0371', '037112000', '2205', 3),
(339, '037113', 'SANTA CRUZ', '0371', '037113000', '2213', 3),
(340, '037114', 'SUBIC', '0371', '037114000', '2209', 3),
(341, '037701', 'BALER (Capital)', '0377', '037701000', '3200', 3),
(342, '037702', 'CASIGURAN', '0377', '037702000', '3204', 3),
(343, '037703', 'DILASAG', '0377', '037703000', '3205', 3),
(344, '037704', 'DINALUNGAN', '0377', '037704000', '3206', 3),
(345, '037705', 'DINGALAN', '0377', '037705000', '3207', 3),
(346, '037706', 'DIPACULAO', '0377', '037706000', '3203', 3),
(347, '037707', 'MARIA AURORA', '0377', '037707000', '3202', 3),
(348, '037708', 'SAN LUIS', '0377', '037708000', '3201', 3),
(349, '041001', 'AGONCILLO', '0410', '041001000', '4211', 4),
(350, '041002', 'ALITAGTAG', '0410', '041002000', '4205', 4),
(351, '041003', 'BALAYAN', '0410', '041003000', '', 4),
(352, '041004', 'BALETE', '0410', '041004000', '', 4),
(353, '041005', 'BATANGAS CITY (Capital)', '0410', '041005000', '', 4),
(354, '041006', 'BAUAN', '0410', '041006000', '', 4),
(355, '041007', 'CALACA', '0410', '041007000', '', 4),
(356, '041008', 'CALATAGAN', '0410', '041008000', '', 4),
(357, '041009', 'CUENCA', '0410', '041009000', '', 4),
(358, '041010', 'IBAAN', '0410', '041010000', '', 4),
(359, '041011', 'LAUREL', '0410', '041011000', '', 4),
(360, '041012', 'LEMERY', '0410', '041012000', '', 4),
(361, '041013', 'LIAN', '0410', '041013000', '', 4),
(362, '041014', 'LIPA CITY', '0410', '041014000', '', 4),
(363, '041015', 'LOBO', '0410', '041015000', '', 4),
(364, '041016', 'MABINI', '0410', '041016000', '', 4),
(365, '041017', 'MALVAR', '0410', '041017000', '', 4),
(366, '041018', 'MATAASNAKAHOY', '0410', '041018000', '', 4),
(367, '041019', 'NASUGBU', '0410', '041019000', '', 4),
(368, '041020', 'PADRE GARCIA', '0410', '041020000', '', 4),
(369, '041021', 'ROSARIO', '0410', '041021000', '', 4),
(370, '041022', 'SAN JOSE', '0410', '041022000', '', 4),
(371, '041023', 'SAN JUAN', '0410', '041023000', '', 4),
(372, '041024', 'SAN LUIS', '0410', '041024000', '', 4),
(373, '041025', 'SAN NICOLAS', '0410', '041025000', '', 4),
(374, '041026', 'SAN PASCUAL', '0410', '041026000', '', 4),
(375, '041027', 'SANTA TERESITA', '0410', '041027000', '', 4),
(376, '041028', 'SANTO TOMAS', '0410', '041028000', '', 4),
(377, '041029', 'TAAL', '0410', '041029000', '', 4),
(378, '041030', 'TALISAY', '0410', '041030000', '', 4),
(379, '041031', 'CITY OF TANAUAN', '0410', '041031000', '', 4),
(380, '041032', 'TAYSAN', '0410', '041032000', '', 4),
(381, '041033', 'TINGLOY', '0410', '041033000', '', 4),
(382, '041034', 'TUY', '0410', '041034000', '', 4),
(383, '042101', 'ALFONSO', '0421', '042101000', '', 4),
(384, '042102', 'AMADEO', '0421', '042102000', '', 4),
(385, '042103', 'BACOOR CITY', '0421', '042103000', '', 4),
(386, '042104', 'CARMONA', '0421', '042104000', '', 4),
(387, '042105', 'CAVITE CITY', '0421', '042105000', '', 4),
(388, '042106', 'CITY OF DASMARIÑAS', '0421', '042106000', '', 4),
(389, '042107', 'GENERAL EMILIO AGUINALDO', '0421', '042107000', '', 4),
(390, '042108', 'GENERAL TRIAS', '0421', '042108000', '', 4),
(391, '042109', 'IMUS CITY', '0421', '042109000', '', 4),
(392, '042110', 'INDANG', '0421', '042110000', '', 4),
(393, '042111', 'KAWIT', '0421', '042111000', '', 4),
(394, '042112', 'MAGALLANES', '0421', '042112000', '', 4),
(395, '042113', 'MARAGONDON', '0421', '042113000', '', 4),
(396, '042114', 'MENDEZ (MENDEZ-NUÑEZ)', '0421', '042114000', '', 4),
(397, '042115', 'NAIC', '0421', '042115000', '', 4),
(398, '042116', 'NOVELETA', '0421', '042116000', '', 4),
(399, '042117', 'ROSARIO', '0421', '042117000', '', 4),
(400, '042118', 'SILANG', '0421', '042118000', '', 4),
(401, '042119', 'TAGAYTAY CITY', '0421', '042119000', '', 4),
(402, '042120', 'TANZA', '0421', '042120000', '', 4),
(403, '042121', 'TERNATE', '0421', '042121000', '', 4),
(404, '042122', 'TRECE MARTIRES CITY (Capital)', '0421', '042122000', '', 4),
(405, '042123', 'GEN. MARIANO ALVAREZ', '0421', '042123000', '', 4),
(406, '043401', 'ALAMINOS', '0434', '043401000', '', 4),
(407, '043402', 'BAY', '0434', '043402000', '', 4),
(408, '043403', 'CITY OF BIÑAN', '0434', '043403000', '', 4),
(409, '043404', 'CABUYAO CITY', '0434', '043404000', '', 4),
(410, '043405', 'CITY OF CALAMBA', '0434', '043405000', '', 4),
(411, '043406', 'CALAUAN', '0434', '043406000', '', 4),
(412, '043407', 'CAVINTI', '0434', '043407000', '', 4),
(413, '043408', 'FAMY', '0434', '043408000', '', 4),
(414, '043409', 'KALAYAAN', '0434', '043409000', '', 4),
(415, '043410', 'LILIW', '0434', '043410000', '', 4),
(416, '043411', 'LOS BAÑOS', '0434', '043411000', '', 4),
(417, '043412', 'LUISIANA', '0434', '043412000', '', 4),
(418, '043413', 'LUMBAN', '0434', '043413000', '', 4),
(419, '043414', 'MABITAC', '0434', '043414000', '', 4),
(420, '043415', 'MAGDALENA', '0434', '043415000', '', 4),
(421, '043416', 'MAJAYJAY', '0434', '043416000', '', 4),
(422, '043417', 'NAGCARLAN', '0434', '043417000', '', 4),
(423, '043418', 'PAETE', '0434', '043418000', '', 4),
(424, '043419', 'PAGSANJAN', '0434', '043419000', '', 4),
(425, '043420', 'PAKIL', '0434', '043420000', '', 4),
(426, '043421', 'PANGIL', '0434', '043421000', '', 4),
(427, '043422', 'PILA', '0434', '043422000', '', 4),
(428, '043423', 'RIZAL', '0434', '043423000', '', 4),
(429, '043424', 'SAN PABLO CITY', '0434', '043424000', '', 4),
(430, '043425', 'CITY OF SAN PEDRO', '0434', '043425000', '', 4),
(431, '043426', 'SANTA CRUZ (Capital)', '0434', '043426000', '', 4),
(432, '043427', 'SANTA MARIA', '0434', '043427000', '', 4),
(433, '043428', 'CITY OF SANTA ROSA', '0434', '043428000', '', 4),
(434, '043429', 'SINILOAN', '0434', '043429000', '', 4),
(435, '043430', 'VICTORIA', '0434', '043430000', '', 4),
(436, '045601', 'AGDANGAN', '0456', '045601000', '', 4),
(437, '045602', 'ALABAT', '0456', '045602000', '', 4),
(438, '045603', 'ATIMONAN', '0456', '045603000', '', 4),
(439, '045605', 'BUENAVISTA', '0456', '045605000', '', 4),
(440, '045606', 'BURDEOS', '0456', '045606000', '', 4),
(441, '045607', 'CALAUAG', '0456', '045607000', '', 4),
(442, '045608', 'CANDELARIA', '0456', '045608000', '', 4),
(443, '045610', 'CATANAUAN', '0456', '045610000', '', 4),
(444, '045615', 'DOLORES', '0456', '045615000', '', 4),
(445, '045616', 'GENERAL LUNA', '0456', '045616000', '', 4),
(446, '045617', 'GENERAL NAKAR', '0456', '045617000', '', 4),
(447, '045618', 'GUINAYANGAN', '0456', '045618000', '', 4),
(448, '045619', 'GUMACA', '0456', '045619000', '', 4),
(449, '045620', 'INFANTA', '0456', '045620000', '', 4),
(450, '045621', 'JOMALIG', '0456', '045621000', '', 4),
(451, '045622', 'LOPEZ', '0456', '045622000', '', 4),
(452, '045623', 'LUCBAN', '0456', '045623000', '', 4),
(453, '045624', 'LUCENA CITY (Capital)', '0456', '045624000', '', 4),
(454, '045625', 'MACALELON', '0456', '045625000', '', 4),
(455, '045627', 'MAUBAN', '0456', '045627000', '', 4),
(456, '045628', 'MULANAY', '0456', '045628000', '', 4),
(457, '045629', 'PADRE BURGOS', '0456', '045629000', '', 4),
(458, '045630', 'PAGBILAO', '0456', '045630000', '', 4),
(459, '045631', 'PANUKULAN', '0456', '045631000', '', 4),
(460, '045632', 'PATNANUNGAN', '0456', '045632000', '', 4),
(461, '045633', 'PEREZ', '0456', '045633000', '', 4),
(462, '045634', 'PITOGO', '0456', '045634000', '', 4),
(463, '045635', 'PLARIDEL', '0456', '045635000', '', 4),
(464, '045636', 'POLILLO', '0456', '045636000', '', 4),
(465, '045637', 'QUEZON', '0456', '045637000', '', 4),
(466, '045638', 'REAL', '0456', '045638000', '', 4),
(467, '045639', 'SAMPALOC', '0456', '045639000', '', 4),
(468, '045640', 'SAN ANDRES', '0456', '045640000', '', 4),
(469, '045641', 'SAN ANTONIO', '0456', '045641000', '', 4),
(470, '045642', 'SAN FRANCISCO (AURORA)', '0456', '045642000', '', 4),
(471, '045644', 'SAN NARCISO', '0456', '045644000', '', 4),
(472, '045645', 'SARIAYA', '0456', '045645000', '', 4),
(473, '045646', 'TAGKAWAYAN', '0456', '045646000', '', 4),
(474, '045647', 'CITY OF TAYABAS', '0456', '045647000', '', 4),
(475, '045648', 'TIAONG', '0456', '045648000', '', 4),
(476, '045649', 'UNISAN', '0456', '045649000', '', 4),
(477, '045801', 'ANGONO', '0458', '045801000', '', 4),
(478, '045802', 'CITY OF ANTIPOLO', '0458', '045802000', '', 4),
(479, '045803', 'BARAS', '0458', '045803000', '', 4),
(480, '045804', 'BINANGONAN', '0458', '045804000', '', 4),
(481, '045805', 'CAINTA', '0458', '045805000', '', 4),
(482, '045806', 'CARDONA', '0458', '045806000', '', 4),
(483, '045807', 'JALA-JALA', '0458', '045807000', '', 4),
(484, '045808', 'RODRIGUEZ (MONTALBAN)', '0458', '045808000', '', 4),
(485, '045809', 'MORONG', '0458', '045809000', '', 4),
(486, '045810', 'PILILLA', '0458', '045810000', '', 4),
(487, '045811', 'SAN MATEO', '0458', '045811000', '', 4),
(488, '045812', 'TANAY', '0458', '045812000', '', 4),
(489, '045813', 'TAYTAY', '0458', '045813000', '', 4),
(490, '045814', 'TERESA', '0458', '045814000', '', 4),
(491, '174001', 'BOAC (Capital)', '1740', '174001000', '', 17),
(492, '174002', 'BUENAVISTA', '1740', '174002000', '', 17),
(493, '174003', 'GASAN', '1740', '174003000', '', 17),
(494, '174004', 'MOGPOG', '1740', '174004000', '', 17),
(495, '174005', 'SANTA CRUZ', '1740', '174005000', '', 17),
(496, '174006', 'TORRIJOS', '1740', '174006000', '', 17),
(497, '175101', 'ABRA DE ILOG', '1751', '175101000', '', 17),
(498, '175102', 'CALINTAAN', '1751', '175102000', '', 17),
(499, '175103', 'LOOC', '1751', '175103000', '', 17),
(500, '175104', 'LUBANG', '1751', '175104000', '', 17),
(501, '175105', 'MAGSAYSAY', '1751', '175105000', '', 17),
(502, '175106', 'MAMBURAO (Capital)', '1751', '175106000', '', 17),
(503, '175107', 'PALUAN', '1751', '175107000', '', 17),
(504, '175108', 'RIZAL', '1751', '175108000', '', 17),
(505, '175109', 'SABLAYAN', '1751', '175109000', '', 17),
(506, '175110', 'SAN JOSE', '1751', '175110000', '', 17),
(507, '175111', 'SANTA CRUZ', '1751', '175111000', '', 17),
(508, '175201', 'BACO', '1752', '175201000', '', 17),
(509, '175202', 'BANSUD', '1752', '175202000', '', 17),
(510, '175203', 'BONGABONG', '1752', '175203000', '', 17),
(511, '175204', 'BULALACAO (SAN PEDRO)', '1752', '175204000', '', 17),
(512, '175205', 'CITY OF CALAPAN (Capital)', '1752', '175205000', '', 17),
(513, '175206', 'GLORIA', '1752', '175206000', '', 17),
(514, '175207', 'MANSALAY', '1752', '175207000', '', 17),
(515, '175208', 'NAUJAN', '1752', '175208000', '', 17),
(516, '175209', 'PINAMALAYAN', '1752', '175209000', '', 17),
(517, '175210', 'POLA', '1752', '175210000', '', 17),
(518, '175211', 'PUERTO GALERA', '1752', '175211000', '', 17),
(519, '175212', 'ROXAS', '1752', '175212000', '', 17),
(520, '175213', 'SAN TEODORO', '1752', '175213000', '', 17),
(521, '175214', 'SOCORRO', '1752', '175214000', '', 17),
(522, '175215', 'VICTORIA', '1752', '175215000', '', 17),
(523, '175301', 'ABORLAN', '1753', '175301000', '', 17),
(524, '175302', 'AGUTAYA', '1753', '175302000', '', 17),
(525, '175303', 'ARACELI', '1753', '175303000', '', 17),
(526, '175304', 'BALABAC', '1753', '175304000', '', 17),
(527, '175305', 'BATARAZA', '1753', '175305000', '', 17),
(528, '175306', 'BROOKE\'S POINT', '1753', '175306000', '', 17),
(529, '175307', 'BUSUANGA', '1753', '175307000', '', 17),
(530, '175308', 'CAGAYANCILLO', '1753', '175308000', '', 17),
(531, '175309', 'CORON', '1753', '175309000', '', 17),
(532, '175310', 'CUYO', '1753', '175310000', '', 17),
(533, '175311', 'DUMARAN', '1753', '175311000', '', 17),
(534, '175312', 'EL NIDO (BACUIT)', '1753', '175312000', '', 17),
(535, '175313', 'LINAPACAN', '1753', '175313000', '', 17),
(536, '175314', 'MAGSAYSAY', '1753', '175314000', '', 17),
(537, '175315', 'NARRA', '1753', '175315000', '', 17),
(538, '175316', 'PUERTO PRINCESA CITY (Capital)', '1753', '175316000', '', 17),
(539, '175317', 'QUEZON', '1753', '175317000', '', 17),
(540, '175318', 'ROXAS', '1753', '175318000', '', 17),
(541, '175319', 'SAN VICENTE', '1753', '175319000', '', 17),
(542, '175320', 'TAYTAY', '1753', '175320000', '', 17),
(543, '175321', 'KALAYAAN', '1753', '175321000', '', 17),
(544, '175322', 'CULION', '1753', '175322000', '', 17),
(545, '175323', 'RIZAL (MARCOS)', '1753', '175323000', '', 17),
(546, '175324', 'SOFRONIO ESPAÑOLA', '1753', '175324000', '', 17),
(547, '175901', 'ALCANTARA', '1759', '175901000', '', 17),
(548, '175902', 'BANTON', '1759', '175902000', '', 17),
(549, '175903', 'CAJIDIOCAN', '1759', '175903000', '', 17),
(550, '175904', 'CALATRAVA', '1759', '175904000', '', 17),
(551, '175905', 'CONCEPCION', '1759', '175905000', '', 17),
(552, '175906', 'CORCUERA', '1759', '175906000', '', 17),
(553, '175907', 'LOOC', '1759', '175907000', '', 17),
(554, '175908', 'MAGDIWANG', '1759', '175908000', '', 17),
(555, '175909', 'ODIONGAN', '1759', '175909000', '', 17),
(556, '175910', 'ROMBLON (Capital)', '1759', '175910000', '', 17),
(557, '175911', 'SAN AGUSTIN', '1759', '175911000', '', 17),
(558, '175912', 'SAN ANDRES', '1759', '175912000', '', 17),
(559, '175913', 'SAN FERNANDO', '1759', '175913000', '', 17),
(560, '175914', 'SAN JOSE', '1759', '175914000', '', 17),
(561, '175915', 'SANTA FE', '1759', '175915000', '', 17),
(562, '175916', 'FERROL', '1759', '175916000', '', 17),
(563, '175917', 'SANTA MARIA (IMELDA)', '1759', '175917000', '', 17),
(564, '050501', 'BACACAY', '0505', '050501000', '', 5),
(565, '050502', 'CAMALIG', '0505', '050502000', '', 5),
(566, '050503', 'DARAGA (LOCSIN)', '0505', '050503000', '', 5),
(567, '050504', 'GUINOBATAN', '0505', '050504000', '', 5),
(568, '050505', 'JOVELLAR', '0505', '050505000', '', 5),
(569, '050506', 'LEGAZPI CITY (Capital)', '0505', '050506000', '', 5),
(570, '050507', 'LIBON', '0505', '050507000', '', 5),
(571, '050508', 'CITY OF LIGAO', '0505', '050508000', '', 5),
(572, '050509', 'MALILIPOT', '0505', '050509000', '', 5),
(573, '050510', 'MALINAO', '0505', '050510000', '', 5),
(574, '050511', 'MANITO', '0505', '050511000', '', 5),
(575, '050512', 'OAS', '0505', '050512000', '', 5),
(576, '050513', 'PIO DURAN', '0505', '050513000', '', 5),
(577, '050514', 'POLANGUI', '0505', '050514000', '', 5),
(578, '050515', 'RAPU-RAPU', '0505', '050515000', '', 5),
(579, '050516', 'SANTO DOMINGO (LIBOG)', '0505', '050516000', '', 5),
(580, '050517', 'CITY OF TABACO', '0505', '050517000', '', 5),
(581, '050518', 'TIWI', '0505', '050518000', '', 5),
(582, '051601', 'BASUD', '0516', '051601000', '', 5),
(583, '051602', 'CAPALONGA', '0516', '051602000', '', 5),
(584, '051603', 'DAET (Capital)', '0516', '051603000', '', 5),
(585, '051604', 'SAN LORENZO RUIZ (IMELDA)', '0516', '051604000', '', 5),
(586, '051605', 'JOSE PANGANIBAN', '0516', '051605000', '', 5),
(587, '051606', 'LABO', '0516', '051606000', '', 5),
(588, '051607', 'MERCEDES', '0516', '051607000', '', 5),
(589, '051608', 'PARACALE', '0516', '051608000', '', 5),
(590, '051609', 'SAN VICENTE', '0516', '051609000', '', 5),
(591, '051610', 'SANTA ELENA', '0516', '051610000', '', 5),
(592, '051611', 'TALISAY', '0516', '051611000', '', 5),
(593, '051612', 'VINZONS', '0516', '051612000', '', 5),
(594, '051701', 'BAAO', '0517', '051701000', '', 5),
(595, '051702', 'BALATAN', '0517', '051702000', '', 5),
(596, '051703', 'BATO', '0517', '051703000', '', 5),
(597, '051704', 'BOMBON', '0517', '051704000', '', 5),
(598, '051705', 'BUHI', '0517', '051705000', '', 5),
(599, '051706', 'BULA', '0517', '051706000', '', 5),
(600, '051707', 'CABUSAO', '0517', '051707000', '', 5),
(601, '051708', 'CALABANGA', '0517', '051708000', '', 5),
(602, '051709', 'CAMALIGAN', '0517', '051709000', '', 5),
(603, '051710', 'CANAMAN', '0517', '051710000', '', 5),
(604, '051711', 'CARAMOAN', '0517', '051711000', '', 5),
(605, '051712', 'DEL GALLEGO', '0517', '051712000', '', 5),
(606, '051713', 'GAINZA', '0517', '051713000', '', 5),
(607, '051714', 'GARCHITORENA', '0517', '051714000', '', 5),
(608, '051715', 'GOA', '0517', '051715000', '', 5),
(609, '051716', 'IRIGA CITY', '0517', '051716000', '', 5),
(610, '051717', 'LAGONOY', '0517', '051717000', '', 5),
(611, '051718', 'LIBMANAN', '0517', '051718000', '', 5),
(612, '051719', 'LUPI', '0517', '051719000', '', 5),
(613, '051720', 'MAGARAO', '0517', '051720000', '', 5),
(614, '051721', 'MILAOR', '0517', '051721000', '', 5),
(615, '051722', 'MINALABAC', '0517', '051722000', '', 5),
(616, '051723', 'NABUA', '0517', '051723000', '', 5),
(617, '051724', 'NAGA CITY', '0517', '051724000', '', 5),
(618, '051725', 'OCAMPO', '0517', '051725000', '', 5),
(619, '051726', 'PAMPLONA', '0517', '051726000', '', 5),
(620, '051727', 'PASACAO', '0517', '051727000', '', 5),
(621, '051728', 'PILI (Capital)', '0517', '051728000', '', 5),
(622, '051729', 'PRESENTACION (PARUBCAN)', '0517', '051729000', '', 5),
(623, '051730', 'RAGAY', '0517', '051730000', '', 5),
(624, '051731', 'SAGÑAY', '0517', '051731000', '', 5),
(625, '051732', 'SAN FERNANDO', '0517', '051732000', '', 5),
(626, '051733', 'SAN JOSE', '0517', '051733000', '', 5),
(627, '051734', 'SIPOCOT', '0517', '051734000', '', 5),
(628, '051735', 'SIRUMA', '0517', '051735000', '', 5),
(629, '051736', 'TIGAON', '0517', '051736000', '', 5),
(630, '051737', 'TINAMBAC', '0517', '051737000', '', 5),
(631, '052001', 'BAGAMANOC', '0520', '052001000', '', 5),
(632, '052002', 'BARAS', '0520', '052002000', '', 5),
(633, '052003', 'BATO', '0520', '052003000', '', 5),
(634, '052004', 'CARAMORAN', '0520', '052004000', '', 5),
(635, '052005', 'GIGMOTO', '0520', '052005000', '', 5),
(636, '052006', 'PANDAN', '0520', '052006000', '', 5),
(637, '052007', 'PANGANIBAN (PAYO)', '0520', '052007000', '', 5),
(638, '052008', 'SAN ANDRES (CALOLBON)', '0520', '052008000', '', 5),
(639, '052009', 'SAN MIGUEL', '0520', '052009000', '', 5),
(640, '052010', 'VIGA', '0520', '052010000', '', 5),
(641, '052011', 'VIRAC (Capital)', '0520', '052011000', '', 5),
(642, '054101', 'AROROY', '0541', '054101000', '', 5),
(643, '054102', 'BALENO', '0541', '054102000', '', 5),
(644, '054103', 'BALUD', '0541', '054103000', '', 5),
(645, '054104', 'BATUAN', '0541', '054104000', '', 5),
(646, '054105', 'CATAINGAN', '0541', '054105000', '', 5),
(647, '054106', 'CAWAYAN', '0541', '054106000', '', 5),
(648, '054107', 'CLAVERIA', '0541', '054107000', '', 5),
(649, '054108', 'DIMASALANG', '0541', '054108000', '', 5),
(650, '054109', 'ESPERANZA', '0541', '054109000', '', 5),
(651, '054110', 'MANDAON', '0541', '054110000', '', 5),
(652, '054111', 'CITY OF MASBATE (Capital)', '0541', '054111000', '', 5),
(653, '054112', 'MILAGROS', '0541', '054112000', '', 5),
(654, '054113', 'MOBO', '0541', '054113000', '', 5),
(655, '054114', 'MONREAL', '0541', '054114000', '', 5),
(656, '054115', 'PALANAS', '0541', '054115000', '', 5),
(657, '054116', 'PIO V. CORPUZ (LIMBUHAN)', '0541', '054116000', '', 5),
(658, '054117', 'PLACER', '0541', '054117000', '', 5),
(659, '054118', 'SAN FERNANDO', '0541', '054118000', '', 5),
(660, '054119', 'SAN JACINTO', '0541', '054119000', '', 5),
(661, '054120', 'SAN PASCUAL', '0541', '054120000', '', 5),
(662, '054121', 'USON', '0541', '054121000', '', 5),
(663, '056202', 'BARCELONA', '0562', '056202000', '', 5),
(664, '056203', 'BULAN', '0562', '056203000', '', 5),
(665, '056204', 'BULUSAN', '0562', '056204000', '', 5),
(666, '056205', 'CASIGURAN', '0562', '056205000', '', 5),
(667, '056206', 'CASTILLA', '0562', '056206000', '', 5),
(668, '056207', 'DONSOL', '0562', '056207000', '', 5),
(669, '056208', 'GUBAT', '0562', '056208000', '', 5),
(670, '056209', 'IROSIN', '0562', '056209000', '', 5),
(671, '056210', 'JUBAN', '0562', '056210000', '', 5),
(672, '056211', 'MAGALLANES', '0562', '056211000', '', 5),
(673, '056212', 'MATNOG', '0562', '056212000', '', 5),
(674, '056213', 'PILAR', '0562', '056213000', '', 5),
(675, '056214', 'PRIETO DIAZ', '0562', '056214000', '', 5),
(676, '056215', 'SANTA MAGDALENA', '0562', '056215000', '', 5),
(677, '056216', 'CITY OF SORSOGON (Capital)', '0562', '056216000', '', 5),
(678, '060401', 'ALTAVAS', '0604', '060401000', '', 6),
(679, '060402', 'BALETE', '0604', '060402000', '', 6),
(680, '060403', 'BANGA', '0604', '060403000', '', 6),
(681, '060404', 'BATAN', '0604', '060404000', '', 6),
(682, '060405', 'BURUANGA', '0604', '060405000', '', 6),
(683, '060406', 'IBAJAY', '0604', '060406000', '', 6),
(684, '060407', 'KALIBO (Capital)', '0604', '060407000', '', 6),
(685, '060408', 'LEZO', '0604', '060408000', '', 6),
(686, '060409', 'LIBACAO', '0604', '060409000', '', 6),
(687, '060410', 'MADALAG', '0604', '060410000', '', 6),
(688, '060411', 'MAKATO', '0604', '060411000', '', 6),
(689, '060412', 'MALAY', '0604', '060412000', '', 6),
(690, '060413', 'MALINAO', '0604', '060413000', '', 6),
(691, '060414', 'NABAS', '0604', '060414000', '', 6),
(692, '060415', 'NEW WASHINGTON', '0604', '060415000', '', 6),
(693, '060416', 'NUMANCIA', '0604', '060416000', '', 6),
(694, '060417', 'TANGALAN', '0604', '060417000', '', 6),
(695, '060601', 'ANINI-Y', '0606', '060601000', '', 6),
(696, '060602', 'BARBAZA', '0606', '060602000', '', 6),
(697, '060603', 'BELISON', '0606', '060603000', '', 6),
(698, '060604', 'BUGASONG', '0606', '060604000', '', 6),
(699, '060605', 'CALUYA', '0606', '060605000', '', 6),
(700, '060606', 'CULASI', '0606', '060606000', '', 6),
(701, '060607', 'TOBIAS FORNIER (DAO)', '0606', '060607000', '', 6),
(702, '060608', 'HAMTIC', '0606', '060608000', '', 6),
(703, '060609', 'LAUA-AN', '0606', '060609000', '', 6),
(704, '060610', 'LIBERTAD', '0606', '060610000', '', 6),
(705, '060611', 'PANDAN', '0606', '060611000', '', 6),
(706, '060612', 'PATNONGON', '0606', '060612000', '', 6),
(707, '060613', 'SAN JOSE (Capital)', '0606', '060613000', '', 6),
(708, '060614', 'SAN REMIGIO', '0606', '060614000', '', 6),
(709, '060615', 'SEBASTE', '0606', '060615000', '', 6),
(710, '060616', 'SIBALOM', '0606', '060616000', '', 6),
(711, '060617', 'TIBIAO', '0606', '060617000', '', 6),
(712, '060618', 'VALDERRAMA', '0606', '060618000', '', 6),
(713, '061901', 'CUARTERO', '0619', '061901000', '', 6),
(714, '061902', 'DAO', '0619', '061902000', '', 6),
(715, '061903', 'DUMALAG', '0619', '061903000', '', 6),
(716, '061904', 'DUMARAO', '0619', '061904000', '', 6),
(717, '061905', 'IVISAN', '0619', '061905000', '', 6),
(718, '061906', 'JAMINDAN', '0619', '061906000', '', 6),
(719, '061907', 'MA-AYON', '0619', '061907000', '', 6),
(720, '061908', 'MAMBUSAO', '0619', '061908000', '', 6),
(721, '061909', 'PANAY', '0619', '061909000', '', 6),
(722, '061910', 'PANITAN', '0619', '061910000', '', 6),
(723, '061911', 'PILAR', '0619', '061911000', '', 6),
(724, '061912', 'PONTEVEDRA', '0619', '061912000', '', 6),
(725, '061913', 'PRESIDENT ROXAS', '0619', '061913000', '', 6),
(726, '061914', 'ROXAS CITY (Capital)', '0619', '061914000', '', 6),
(727, '061915', 'SAPI-AN', '0619', '061915000', '', 6),
(728, '061916', 'SIGMA', '0619', '061916000', '', 6),
(729, '061917', 'TAPAZ', '0619', '061917000', '', 6),
(730, '063001', 'AJUY', '0630', '063001000', '', 6),
(731, '063002', 'ALIMODIAN', '0630', '063002000', '', 6),
(732, '063003', 'ANILAO', '0630', '063003000', '', 6),
(733, '063004', 'BADIANGAN', '0630', '063004000', '', 6),
(734, '063005', 'BALASAN', '0630', '063005000', '', 6),
(735, '063006', 'BANATE', '0630', '063006000', '', 6),
(736, '063007', 'BAROTAC NUEVO', '0630', '063007000', '', 6),
(737, '063008', 'BAROTAC VIEJO', '0630', '063008000', '', 6),
(738, '063009', 'BATAD', '0630', '063009000', '', 6),
(739, '063010', 'BINGAWAN', '0630', '063010000', '', 6),
(740, '063012', 'CABATUAN', '0630', '063012000', '', 6),
(741, '063013', 'CALINOG', '0630', '063013000', '', 6),
(742, '063014', 'CARLES', '0630', '063014000', '', 6),
(743, '063015', 'CONCEPCION', '0630', '063015000', '', 6),
(744, '063016', 'DINGLE', '0630', '063016000', '', 6),
(745, '063017', 'DUEÑAS', '0630', '063017000', '', 6),
(746, '063018', 'DUMANGAS', '0630', '063018000', '', 6),
(747, '063019', 'ESTANCIA', '0630', '063019000', '', 6),
(748, '063020', 'GUIMBAL', '0630', '063020000', '', 6),
(749, '063021', 'IGBARAS', '0630', '063021000', '', 6),
(750, '063022', 'ILOILO CITY (Capital)', '0630', '063022000', '', 6),
(751, '063023', 'JANIUAY', '0630', '063023000', '', 6),
(752, '063025', 'LAMBUNAO', '0630', '063025000', '', 6),
(753, '063026', 'LEGANES', '0630', '063026000', '', 6),
(754, '063027', 'LEMERY', '0630', '063027000', '', 6),
(755, '063028', 'LEON', '0630', '063028000', '', 6),
(756, '063029', 'MAASIN', '0630', '063029000', '', 6),
(757, '063030', 'MIAGAO', '0630', '063030000', '', 6),
(758, '063031', 'MINA', '0630', '063031000', '', 6),
(759, '063032', 'NEW LUCENA', '0630', '063032000', '', 6),
(760, '063034', 'OTON', '0630', '063034000', '', 6),
(761, '063035', 'CITY OF PASSI', '0630', '063035000', '', 6),
(762, '063036', 'PAVIA', '0630', '063036000', '', 6),
(763, '063037', 'POTOTAN', '0630', '063037000', '', 6),
(764, '063038', 'SAN DIONISIO', '0630', '063038000', '', 6),
(765, '063039', 'SAN ENRIQUE', '0630', '063039000', '', 6),
(766, '063040', 'SAN JOAQUIN', '0630', '063040000', '', 6),
(767, '063041', 'SAN MIGUEL', '0630', '063041000', '', 6),
(768, '063042', 'SAN RAFAEL', '0630', '063042000', '', 6),
(769, '063043', 'SANTA BARBARA', '0630', '063043000', '', 6),
(770, '063044', 'SARA', '0630', '063044000', '', 6),
(771, '063045', 'TIGBAUAN', '0630', '063045000', '', 6),
(772, '063046', 'TUBUNGAN', '0630', '063046000', '', 6),
(773, '063047', 'ZARRAGA', '0630', '063047000', '', 6),
(774, '064501', 'BACOLOD CITY (Capital)', '0645', '064501000', '', 6),
(775, '064502', 'BAGO CITY', '0645', '064502000', '', 6),
(776, '064503', 'BINALBAGAN', '0645', '064503000', '', 6),
(777, '064504', 'CADIZ CITY', '0645', '064504000', '', 6),
(778, '064505', 'CALATRAVA', '0645', '064505000', '', 6),
(779, '064506', 'CANDONI', '0645', '064506000', '', 6),
(780, '064507', 'CAUAYAN', '0645', '064507000', '', 6),
(781, '064508', 'ENRIQUE B. MAGALONA (SARAVIA)', '0645', '064508000', '', 6),
(782, '064509', 'CITY OF ESCALANTE', '0645', '064509000', '', 6),
(783, '064510', 'CITY OF HIMAMAYLAN', '0645', '064510000', '', 6),
(784, '064511', 'HINIGARAN', '0645', '064511000', '', 6),
(785, '064512', 'HINOBA-AN (ASIA)', '0645', '064512000', '', 6),
(786, '064513', 'ILOG', '0645', '064513000', '', 6),
(787, '064514', 'ISABELA', '0645', '064514000', '', 6),
(788, '064515', 'CITY OF KABANKALAN', '0645', '064515000', '', 6),
(789, '064516', 'LA CARLOTA CITY', '0645', '064516000', '', 6),
(790, '064517', 'LA CASTELLANA', '0645', '064517000', '', 6),
(791, '064518', 'MANAPLA', '0645', '064518000', '', 6),
(792, '064519', 'MOISES PADILLA (MAGALLON)', '0645', '064519000', '', 6),
(793, '064520', 'MURCIA', '0645', '064520000', '', 6),
(794, '064521', 'PONTEVEDRA', '0645', '064521000', '', 6),
(795, '064522', 'PULUPANDAN', '0645', '064522000', '', 6),
(796, '064523', 'SAGAY CITY', '0645', '064523000', '', 6),
(797, '064524', 'SAN CARLOS CITY', '0645', '064524000', '', 6),
(798, '064525', 'SAN ENRIQUE', '0645', '064525000', '', 6),
(799, '064526', 'SILAY CITY', '0645', '064526000', '', 6),
(800, '064527', 'CITY OF SIPALAY', '0645', '064527000', '', 6),
(801, '064528', 'CITY OF TALISAY', '0645', '064528000', '', 6),
(802, '064529', 'TOBOSO', '0645', '064529000', '', 6),
(803, '064530', 'VALLADOLID', '0645', '064530000', '', 6),
(804, '064531', 'CITY OF VICTORIAS', '0645', '064531000', '', 6),
(805, '064532', 'SALVADOR BENEDICTO', '0645', '064532000', '', 6),
(806, '067901', 'BUENAVISTA', '0679', '067901000', '', 6),
(807, '067902', 'JORDAN (Capital)', '0679', '067902000', '', 6),
(808, '067903', 'NUEVA VALENCIA', '0679', '067903000', '', 6),
(809, '067904', 'SAN LORENZO', '0679', '067904000', '', 6),
(810, '067905', 'SIBUNAG', '0679', '067905000', '', 6),
(811, '071201', 'ALBURQUERQUE', '0712', '071201000', '', 7),
(812, '071202', 'ALICIA', '0712', '071202000', '', 7),
(813, '071203', 'ANDA', '0712', '071203000', '', 7),
(814, '071204', 'ANTEQUERA', '0712', '071204000', '', 7),
(815, '071205', 'BACLAYON', '0712', '071205000', '', 7),
(816, '071206', 'BALILIHAN', '0712', '071206000', '', 7),
(817, '071207', 'BATUAN', '0712', '071207000', '', 7),
(818, '071208', 'BILAR', '0712', '071208000', '', 7),
(819, '071209', 'BUENAVISTA', '0712', '071209000', '', 7),
(820, '071210', 'CALAPE', '0712', '071210000', '', 7),
(821, '071211', 'CANDIJAY', '0712', '071211000', '', 7),
(822, '071212', 'CARMEN', '0712', '071212000', '', 7),
(823, '071213', 'CATIGBIAN', '0712', '071213000', '', 7),
(824, '071214', 'CLARIN', '0712', '071214000', '', 7),
(825, '071215', 'CORELLA', '0712', '071215000', '', 7),
(826, '071216', 'CORTES', '0712', '071216000', '', 7),
(827, '071217', 'DAGOHOY', '0712', '071217000', '', 7),
(828, '071218', 'DANAO', '0712', '071218000', '', 7),
(829, '071219', 'DAUIS', '0712', '071219000', '', 7),
(830, '071220', 'DIMIAO', '0712', '071220000', '', 7),
(831, '071221', 'DUERO', '0712', '071221000', '', 7),
(832, '071222', 'GARCIA HERNANDEZ', '0712', '071222000', '', 7),
(833, '071223', 'GUINDULMAN', '0712', '071223000', '', 7),
(834, '071224', 'INABANGA', '0712', '071224000', '', 7),
(835, '071225', 'JAGNA', '0712', '071225000', '', 7),
(836, '071226', 'JETAFE', '0712', '071226000', '', 7),
(837, '071227', 'LILA', '0712', '071227000', '', 7),
(838, '071228', 'LOAY', '0712', '071228000', '', 7),
(839, '071229', 'LOBOC', '0712', '071229000', '', 7),
(840, '071230', 'LOON', '0712', '071230000', '', 7),
(841, '071231', 'MABINI', '0712', '071231000', '', 7),
(842, '071232', 'MARIBOJOC', '0712', '071232000', '', 7),
(843, '071233', 'PANGLAO', '0712', '071233000', '', 7),
(844, '071234', 'PILAR', '0712', '071234000', '', 7),
(845, '071235', 'PRES. CARLOS P. GARCIA (PITOGO)', '0712', '071235000', '', 7),
(846, '071236', 'SAGBAYAN (BORJA)', '0712', '071236000', '', 7),
(847, '071237', 'SAN ISIDRO', '0712', '071237000', '', 7),
(848, '071238', 'SAN MIGUEL', '0712', '071238000', '', 7),
(849, '071239', 'SEVILLA', '0712', '071239000', '', 7),
(850, '071240', 'SIERRA BULLONES', '0712', '071240000', '', 7),
(851, '071241', 'SIKATUNA', '0712', '071241000', '', 7),
(852, '071242', 'TAGBILARAN CITY (Capital)', '0712', '071242000', '', 7),
(853, '071243', 'TALIBON', '0712', '071243000', '', 7),
(854, '071244', 'TRINIDAD', '0712', '071244000', '', 7),
(855, '071245', 'TUBIGON', '0712', '071245000', '', 7),
(856, '071246', 'UBAY', '0712', '071246000', '', 7),
(857, '071247', 'VALENCIA', '0712', '071247000', '', 7),
(858, '071248', 'BIEN UNIDO', '0712', '071248000', '', 7),
(859, '072201', 'ALCANTARA', '0722', '072201000', '', 7),
(860, '072202', 'ALCOY', '0722', '072202000', '', 7),
(861, '072203', 'ALEGRIA', '0722', '072203000', '', 7),
(862, '072204', 'ALOGUINSAN', '0722', '072204000', '', 7),
(863, '072205', 'ARGAO', '0722', '072205000', '', 7),
(864, '072206', 'ASTURIAS', '0722', '072206000', '', 7);
INSERT INTO `city` (`id`, `city_code`, `name`, `prov_code`, `psgc_code`, `zip_code`, `reg_id`) VALUES
(865, '072207', 'BADIAN', '0722', '072207000', '', 7),
(866, '072208', 'BALAMBAN', '0722', '072208000', '', 7),
(867, '072209', 'BANTAYAN', '0722', '072209000', '', 7),
(868, '072210', 'BARILI', '0722', '072210000', '', 7),
(869, '072211', 'CITY OF BOGO', '0722', '072211000', '', 7),
(870, '072212', 'BOLJOON', '0722', '072212000', '', 7),
(871, '072213', 'BORBON', '0722', '072213000', '', 7),
(872, '072214', 'CITY OF CARCAR', '0722', '072214000', '', 7),
(873, '072215', 'CARMEN', '0722', '072215000', '', 7),
(874, '072216', 'CATMON', '0722', '072216000', '', 7),
(875, '072217', 'CEBU CITY (Capital)', '0722', '072217000', '', 7),
(876, '072218', 'COMPOSTELA', '0722', '072218000', '', 7),
(877, '072219', 'CONSOLACION', '0722', '072219000', '', 7),
(878, '072220', 'CORDOVA', '0722', '072220000', '', 7),
(879, '072221', 'DAANBANTAYAN', '0722', '072221000', '', 7),
(880, '072222', 'DALAGUETE', '0722', '072222000', '', 7),
(881, '072223', 'DANAO CITY', '0722', '072223000', '', 7),
(882, '072224', 'DUMANJUG', '0722', '072224000', '', 7),
(883, '072225', 'GINATILAN', '0722', '072225000', '', 7),
(884, '072226', 'LAPU-LAPU CITY (OPON)', '0722', '072226000', '', 7),
(885, '072227', 'LILOAN', '0722', '072227000', '', 7),
(886, '072228', 'MADRIDEJOS', '0722', '072228000', '', 7),
(887, '072229', 'MALABUYOC', '0722', '072229000', '', 7),
(888, '072230', 'MANDAUE CITY', '0722', '072230000', '', 7),
(889, '072231', 'MEDELLIN', '0722', '072231000', '', 7),
(890, '072232', 'MINGLANILLA', '0722', '072232000', '', 7),
(891, '072233', 'MOALBOAL', '0722', '072233000', '', 7),
(892, '072234', 'CITY OF NAGA', '0722', '072234000', '', 7),
(893, '072235', 'OSLOB', '0722', '072235000', '', 7),
(894, '072236', 'PILAR', '0722', '072236000', '', 7),
(895, '072237', 'PINAMUNGAHAN', '0722', '072237000', '', 7),
(896, '072238', 'PORO', '0722', '072238000', '', 7),
(897, '072239', 'RONDA', '0722', '072239000', '', 7),
(898, '072240', 'SAMBOAN', '0722', '072240000', '', 7),
(899, '072241', 'SAN FERNANDO', '0722', '072241000', '', 7),
(900, '072242', 'SAN FRANCISCO', '0722', '072242000', '', 7),
(901, '072243', 'SAN REMIGIO', '0722', '072243000', '', 7),
(902, '072244', 'SANTA FE', '0722', '072244000', '', 7),
(903, '072245', 'SANTANDER', '0722', '072245000', '', 7),
(904, '072246', 'SIBONGA', '0722', '072246000', '', 7),
(905, '072247', 'SOGOD', '0722', '072247000', '', 7),
(906, '072248', 'TABOGON', '0722', '072248000', '', 7),
(907, '072249', 'TABUELAN', '0722', '072249000', '', 7),
(908, '072250', 'CITY OF TALISAY', '0722', '072250000', '', 7),
(909, '072251', 'TOLEDO CITY', '0722', '072251000', '', 7),
(910, '072252', 'TUBURAN', '0722', '072252000', '', 7),
(911, '072253', 'TUDELA', '0722', '072253000', '', 7),
(912, '074601', 'AMLAN (AYUQUITAN)', '0746', '074601000', '', 7),
(913, '074602', 'AYUNGON', '0746', '074602000', '', 7),
(914, '074603', 'BACONG', '0746', '074603000', '', 7),
(915, '074604', 'BAIS CITY', '0746', '074604000', '', 7),
(916, '074605', 'BASAY', '0746', '074605000', '', 7),
(917, '074606', 'CITY OF BAYAWAN (TULONG)', '0746', '074606000', '', 7),
(918, '074607', 'BINDOY (PAYABON)', '0746', '074607000', '', 7),
(919, '074608', 'CANLAON CITY', '0746', '074608000', '', 7),
(920, '074609', 'DAUIN', '0746', '074609000', '', 7),
(921, '074610', 'DUMAGUETE CITY (Capital)', '0746', '074610000', '', 7),
(922, '074611', 'CITY OF GUIHULNGAN', '0746', '074611000', '', 7),
(923, '074612', 'JIMALALUD', '0746', '074612000', '', 7),
(924, '074613', 'LA LIBERTAD', '0746', '074613000', '', 7),
(925, '074614', 'MABINAY', '0746', '074614000', '', 7),
(926, '074615', 'MANJUYOD', '0746', '074615000', '', 7),
(927, '074616', 'PAMPLONA', '0746', '074616000', '', 7),
(928, '074617', 'SAN JOSE', '0746', '074617000', '', 7),
(929, '074618', 'SANTA CATALINA', '0746', '074618000', '', 7),
(930, '074619', 'SIATON', '0746', '074619000', '', 7),
(931, '074620', 'SIBULAN', '0746', '074620000', '', 7),
(932, '074621', 'CITY OF TANJAY', '0746', '074621000', '', 7),
(933, '074622', 'TAYASAN', '0746', '074622000', '', 7),
(934, '074623', 'VALENCIA (LUZURRIAGA)', '0746', '074623000', '', 7),
(935, '074624', 'VALLEHERMOSO', '0746', '074624000', '', 7),
(936, '074625', 'ZAMBOANGUITA', '0746', '074625000', '', 7),
(937, '076101', 'ENRIQUE VILLANUEVA', '0761', '076101000', '', 7),
(938, '076102', 'LARENA', '0761', '076102000', '', 7),
(939, '076103', 'LAZI', '0761', '076103000', '', 7),
(940, '076104', 'MARIA', '0761', '076104000', '', 7),
(941, '076105', 'SAN JUAN', '0761', '076105000', '', 7),
(942, '076106', 'SIQUIJOR (Capital)', '0761', '076106000', '', 7),
(943, '082601', 'ARTECHE', '0826', '082601000', '', 8),
(944, '082602', 'BALANGIGA', '0826', '082602000', '', 8),
(945, '082603', 'BALANGKAYAN', '0826', '082603000', '', 8),
(946, '082604', 'CITY OF BORONGAN (Capital)', '0826', '082604000', '', 8),
(947, '082605', 'CAN-AVID', '0826', '082605000', '', 8),
(948, '082606', 'DOLORES', '0826', '082606000', '', 8),
(949, '082607', 'GENERAL MACARTHUR', '0826', '082607000', '', 8),
(950, '082608', 'GIPORLOS', '0826', '082608000', '', 8),
(951, '082609', 'GUIUAN', '0826', '082609000', '', 8),
(952, '082610', 'HERNANI', '0826', '082610000', '', 8),
(953, '082611', 'JIPAPAD', '0826', '082611000', '', 8),
(954, '082612', 'LAWAAN', '0826', '082612000', '', 8),
(955, '082613', 'LLORENTE', '0826', '082613000', '', 8),
(956, '082614', 'MASLOG', '0826', '082614000', '', 8),
(957, '082615', 'MAYDOLONG', '0826', '082615000', '', 8),
(958, '082616', 'MERCEDES', '0826', '082616000', '', 8),
(959, '082617', 'ORAS', '0826', '082617000', '', 8),
(960, '082618', 'QUINAPONDAN', '0826', '082618000', '', 8),
(961, '082619', 'SALCEDO', '0826', '082619000', '', 8),
(962, '082620', 'SAN JULIAN', '0826', '082620000', '', 8),
(963, '082621', 'SAN POLICARPO', '0826', '082621000', '', 8),
(964, '082622', 'SULAT', '0826', '082622000', '', 8),
(965, '082623', 'TAFT', '0826', '082623000', '', 8),
(966, '083701', 'ABUYOG', '0837', '083701000', '', 8),
(967, '083702', 'ALANGALANG', '0837', '083702000', '', 8),
(968, '083703', 'ALBUERA', '0837', '083703000', '', 8),
(969, '083705', 'BABATNGON', '0837', '083705000', '', 8),
(970, '083706', 'BARUGO', '0837', '083706000', '', 8),
(971, '083707', 'BATO', '0837', '083707000', '', 8),
(972, '083708', 'CITY OF BAYBAY', '0837', '083708000', '', 8),
(973, '083710', 'BURAUEN', '0837', '083710000', '', 8),
(974, '083713', 'CALUBIAN', '0837', '083713000', '', 8),
(975, '083714', 'CAPOOCAN', '0837', '083714000', '', 8),
(976, '083715', 'CARIGARA', '0837', '083715000', '', 8),
(977, '083717', 'DAGAMI', '0837', '083717000', '', 8),
(978, '083718', 'DULAG', '0837', '083718000', '', 8),
(979, '083719', 'HILONGOS', '0837', '083719000', '', 8),
(980, '083720', 'HINDANG', '0837', '083720000', '', 8),
(981, '083721', 'INOPACAN', '0837', '083721000', '', 8),
(982, '083722', 'ISABEL', '0837', '083722000', '', 8),
(983, '083723', 'JARO', '0837', '083723000', '', 8),
(984, '083724', 'JAVIER (BUGHO)', '0837', '083724000', '', 8),
(985, '083725', 'JULITA', '0837', '083725000', '', 8),
(986, '083726', 'KANANGA', '0837', '083726000', '', 8),
(987, '083728', 'LA PAZ', '0837', '083728000', '', 8),
(988, '083729', 'LEYTE', '0837', '083729000', '', 8),
(989, '083730', 'MACARTHUR', '0837', '083730000', '', 8),
(990, '083731', 'MAHAPLAG', '0837', '083731000', '', 8),
(991, '083733', 'MATAG-OB', '0837', '083733000', '', 8),
(992, '083734', 'MATALOM', '0837', '083734000', '', 8),
(993, '083735', 'MAYORGA', '0837', '083735000', '', 8),
(994, '083736', 'MERIDA', '0837', '083736000', '', 8),
(995, '083738', 'ORMOC CITY', '0837', '083738000', '', 8),
(996, '083739', 'PALO', '0837', '083739000', '', 8),
(997, '083740', 'PALOMPON', '0837', '083740000', '', 8),
(998, '083741', 'PASTRANA', '0837', '083741000', '', 8),
(999, '083742', 'SAN ISIDRO', '0837', '083742000', '', 8),
(1000, '083743', 'SAN MIGUEL', '0837', '083743000', '', 8),
(1001, '083744', 'SANTA FE', '0837', '083744000', '', 8),
(1002, '083745', 'TABANGO', '0837', '083745000', '', 8),
(1003, '083746', 'TABONTABON', '0837', '083746000', '', 8),
(1004, '083747', 'TACLOBAN CITY (Capital)', '0837', '083747000', '', 8),
(1005, '083748', 'TANAUAN', '0837', '083748000', '', 8),
(1006, '083749', 'TOLOSA', '0837', '083749000', '', 8),
(1007, '083750', 'TUNGA', '0837', '083750000', '', 8),
(1008, '083751', 'VILLABA', '0837', '083751000', '', 8),
(1009, '084801', 'ALLEN', '0848', '084801000', '', 8),
(1010, '084802', 'BIRI', '0848', '084802000', '', 8),
(1011, '084803', 'BOBON', '0848', '084803000', '', 8),
(1012, '084804', 'CAPUL', '0848', '084804000', '', 8),
(1013, '084805', 'CATARMAN (Capital)', '0848', '084805000', '', 8),
(1014, '084806', 'CATUBIG', '0848', '084806000', '', 8),
(1015, '084807', 'GAMAY', '0848', '084807000', '', 8),
(1016, '084808', 'LAOANG', '0848', '084808000', '', 8),
(1017, '084809', 'LAPINIG', '0848', '084809000', '', 8),
(1018, '084810', 'LAS NAVAS', '0848', '084810000', '', 8),
(1019, '084811', 'LAVEZARES', '0848', '084811000', '', 8),
(1020, '084812', 'MAPANAS', '0848', '084812000', '', 8),
(1021, '084813', 'MONDRAGON', '0848', '084813000', '', 8),
(1022, '084814', 'PALAPAG', '0848', '084814000', '', 8),
(1023, '084815', 'PAMBUJAN', '0848', '084815000', '', 8),
(1024, '084816', 'ROSARIO', '0848', '084816000', '', 8),
(1025, '084817', 'SAN ANTONIO', '0848', '084817000', '', 8),
(1026, '084818', 'SAN ISIDRO', '0848', '084818000', '', 8),
(1027, '084819', 'SAN JOSE', '0848', '084819000', '', 8),
(1028, '084820', 'SAN ROQUE', '0848', '084820000', '', 8),
(1029, '084821', 'SAN VICENTE', '0848', '084821000', '', 8),
(1030, '084822', 'SILVINO LOBOS', '0848', '084822000', '', 8),
(1031, '084823', 'VICTORIA', '0848', '084823000', '', 8),
(1032, '084824', 'LOPE DE VEGA', '0848', '084824000', '', 8),
(1033, '086001', 'ALMAGRO', '0860', '086001000', '', 8),
(1034, '086002', 'BASEY', '0860', '086002000', '', 8),
(1035, '086003', 'CALBAYOG CITY', '0860', '086003000', '', 8),
(1036, '086004', 'CALBIGA', '0860', '086004000', '', 8),
(1037, '086005', 'CITY OF CATBALOGAN (Capital)', '0860', '086005000', '', 8),
(1038, '086006', 'DARAM', '0860', '086006000', '', 8),
(1039, '086007', 'GANDARA', '0860', '086007000', '', 8),
(1040, '086008', 'HINABANGAN', '0860', '086008000', '', 8),
(1041, '086009', 'JIABONG', '0860', '086009000', '', 8),
(1042, '086010', 'MARABUT', '0860', '086010000', '', 8),
(1043, '086011', 'MATUGUINAO', '0860', '086011000', '', 8),
(1044, '086012', 'MOTIONG', '0860', '086012000', '', 8),
(1045, '086013', 'PINABACDAO', '0860', '086013000', '', 8),
(1046, '086014', 'SAN JOSE DE BUAN', '0860', '086014000', '', 8),
(1047, '086015', 'SAN SEBASTIAN', '0860', '086015000', '', 8),
(1048, '086016', 'SANTA MARGARITA', '0860', '086016000', '', 8),
(1049, '086017', 'SANTA RITA', '0860', '086017000', '', 8),
(1050, '086018', 'SANTO NIÑO', '0860', '086018000', '', 8),
(1051, '086019', 'TALALORA', '0860', '086019000', '', 8),
(1052, '086020', 'TARANGNAN', '0860', '086020000', '', 8),
(1053, '086021', 'VILLAREAL', '0860', '086021000', '', 8),
(1054, '086022', 'PARANAS (WRIGHT)', '0860', '086022000', '', 8),
(1055, '086023', 'ZUMARRAGA', '0860', '086023000', '', 8),
(1056, '086024', 'TAGAPUL-AN', '0860', '086024000', '', 8),
(1057, '086025', 'SAN JORGE', '0860', '086025000', '', 8),
(1058, '086026', 'PAGSANGHAN', '0860', '086026000', '', 8),
(1059, '086401', 'ANAHAWAN', '0864', '086401000', '', 8),
(1060, '086402', 'BONTOC', '0864', '086402000', '', 8),
(1061, '086403', 'HINUNANGAN', '0864', '086403000', '', 8),
(1062, '086404', 'HINUNDAYAN', '0864', '086404000', '', 8),
(1063, '086405', 'LIBAGON', '0864', '086405000', '', 8),
(1064, '086406', 'LILOAN', '0864', '086406000', '', 8),
(1065, '086407', 'CITY OF MAASIN (Capital)', '0864', '086407000', '', 8),
(1066, '086408', 'MACROHON', '0864', '086408000', '', 8),
(1067, '086409', 'MALITBOG', '0864', '086409000', '', 8),
(1068, '086410', 'PADRE BURGOS', '0864', '086410000', '', 8),
(1069, '086411', 'PINTUYAN', '0864', '086411000', '', 8),
(1070, '086412', 'SAINT BERNARD', '0864', '086412000', '', 8),
(1071, '086413', 'SAN FRANCISCO', '0864', '086413000', '', 8),
(1072, '086414', 'SAN JUAN (CABALIAN)', '0864', '086414000', '', 8),
(1073, '086415', 'SAN RICARDO', '0864', '086415000', '', 8),
(1074, '086416', 'SILAGO', '0864', '086416000', '', 8),
(1075, '086417', 'SOGOD', '0864', '086417000', '', 8),
(1076, '086418', 'TOMAS OPPUS', '0864', '086418000', '', 8),
(1077, '086419', 'LIMASAWA', '0864', '086419000', '', 8),
(1078, '087801', 'ALMERIA', '0878', '087801000', '', 8),
(1079, '087802', 'BILIRAN', '0878', '087802000', '', 8),
(1080, '087803', 'CABUCGAYAN', '0878', '087803000', '', 8),
(1081, '087804', 'CAIBIRAN', '0878', '087804000', '', 8),
(1082, '087805', 'CULABA', '0878', '087805000', '', 8),
(1083, '087806', 'KAWAYAN', '0878', '087806000', '', 8),
(1084, '087807', 'MARIPIPI', '0878', '087807000', '', 8),
(1085, '087808', 'NAVAL (Capital)', '0878', '087808000', '', 8),
(1086, '097201', 'DAPITAN CITY', '0972', '097201000', '', 9),
(1087, '097202', 'DIPOLOG CITY (Capital)', '0972', '097202000', '', 9),
(1088, '097203', 'KATIPUNAN', '0972', '097203000', '', 9),
(1089, '097204', 'LA LIBERTAD', '0972', '097204000', '', 9),
(1090, '097205', 'LABASON', '0972', '097205000', '', 9),
(1091, '097206', 'LILOY', '0972', '097206000', '', 9),
(1092, '097207', 'MANUKAN', '0972', '097207000', '', 9),
(1093, '097208', 'MUTIA', '0972', '097208000', '', 9),
(1094, '097209', 'PIÑAN (NEW PIÑAN)', '0972', '097209000', '', 9),
(1095, '097210', 'POLANCO', '0972', '097210000', '', 9),
(1096, '097211', 'PRES. MANUEL A. ROXAS', '0972', '097211000', '', 9),
(1097, '097212', 'RIZAL', '0972', '097212000', '', 9),
(1098, '097213', 'SALUG', '0972', '097213000', '', 9),
(1099, '097214', 'SERGIO OSMEÑA SR.', '0972', '097214000', '', 9),
(1100, '097215', 'SIAYAN', '0972', '097215000', '', 9),
(1101, '097216', 'SIBUCO', '0972', '097216000', '', 9),
(1102, '097217', 'SIBUTAD', '0972', '097217000', '', 9),
(1103, '097218', 'SINDANGAN', '0972', '097218000', '', 9),
(1104, '097219', 'SIOCON', '0972', '097219000', '', 9),
(1105, '097220', 'SIRAWAI', '0972', '097220000', '', 9),
(1106, '097221', 'TAMPILISAN', '0972', '097221000', '', 9),
(1107, '097222', 'JOSE DALMAN (PONOT)', '0972', '097222000', '', 9),
(1108, '097223', 'GUTALAC', '0972', '097223000', '', 9),
(1109, '097224', 'BALIGUIAN', '0972', '097224000', '', 9),
(1110, '097225', 'GODOD', '0972', '097225000', '', 9),
(1111, '097226', 'BACUNGAN (Leon T. Postigo)', '0972', '097226000', '', 9),
(1112, '097227', 'KALAWIT', '0972', '097227000', '', 9),
(1113, '097302', 'AURORA', '0973', '097302000', '', 9),
(1114, '097303', 'BAYOG', '0973', '097303000', '', 9),
(1115, '097305', 'DIMATALING', '0973', '097305000', '', 9),
(1116, '097306', 'DINAS', '0973', '097306000', '', 9),
(1117, '097307', 'DUMALINAO', '0973', '097307000', '', 9),
(1118, '097308', 'DUMINGAG', '0973', '097308000', '', 9),
(1119, '097311', 'KUMALARANG', '0973', '097311000', '', 9),
(1120, '097312', 'LABANGAN', '0973', '097312000', '', 9),
(1121, '097313', 'LAPUYAN', '0973', '097313000', '', 9),
(1122, '097315', 'MAHAYAG', '0973', '097315000', '', 9),
(1123, '097317', 'MARGOSATUBIG', '0973', '097317000', '', 9),
(1124, '097318', 'MIDSALIP', '0973', '097318000', '', 9),
(1125, '097319', 'MOLAVE', '0973', '097319000', '', 9),
(1126, '097322', 'PAGADIAN CITY (Capital)', '0973', '097322000', '', 9),
(1127, '097323', 'RAMON MAGSAYSAY (LIARGO)', '0973', '097323000', '', 9),
(1128, '097324', 'SAN MIGUEL', '0973', '097324000', '', 9),
(1129, '097325', 'SAN PABLO', '0973', '097325000', '', 9),
(1130, '097327', 'TABINA', '0973', '097327000', '', 9),
(1131, '097328', 'TAMBULIG', '0973', '097328000', '', 9),
(1132, '097330', 'TUKURAN', '0973', '097330000', '', 9),
(1133, '097332', 'ZAMBOANGA CITY', '0973', '097332000', '', 9),
(1134, '097333', 'LAKEWOOD', '0973', '097333000', '', 9),
(1135, '097337', 'JOSEFINA', '0973', '097337000', '', 9),
(1136, '097338', 'PITOGO', '0973', '097338000', '', 9),
(1137, '097340', 'SOMINOT (DON MARIANO MARCOS)', '0973', '097340000', '', 9),
(1138, '097341', 'VINCENZO A. SAGUN', '0973', '097341000', '', 9),
(1139, '097343', 'GUIPOS', '0973', '097343000', '', 9),
(1140, '097344', 'TIGBAO', '0973', '097344000', '', 9),
(1141, '098301', 'ALICIA', '0983', '098301000', '', 9),
(1142, '098302', 'BUUG', '0983', '098302000', '', 9),
(1143, '098303', 'DIPLAHAN', '0983', '098303000', '', 9),
(1144, '098304', 'IMELDA', '0983', '098304000', '', 9),
(1145, '098305', 'IPIL (Capital)', '0983', '098305000', '', 9),
(1146, '098306', 'KABASALAN', '0983', '098306000', '', 9),
(1147, '098307', 'MABUHAY', '0983', '098307000', '', 9),
(1148, '098308', 'MALANGAS', '0983', '098308000', '', 9),
(1149, '098309', 'NAGA', '0983', '098309000', '', 9),
(1150, '098310', 'OLUTANGA', '0983', '098310000', '', 9),
(1151, '098311', 'PAYAO', '0983', '098311000', '', 9),
(1152, '098312', 'ROSELLER LIM', '0983', '098312000', '', 9),
(1153, '098313', 'SIAY', '0983', '098313000', '', 9),
(1154, '098314', 'TALUSAN', '0983', '098314000', '', 9),
(1155, '098315', 'TITAY', '0983', '098315000', '', 9),
(1156, '098316', 'TUNGAWAN', '0983', '098316000', '', 9),
(1157, '099701', 'CITY OF ISABELA', '0997', '099701000', '', 9),
(1158, '101301', 'BAUNGON', '1013', '101301000', '', 10),
(1159, '101302', 'DAMULOG', '1013', '101302000', '', 10),
(1160, '101303', 'DANGCAGAN', '1013', '101303000', '', 10),
(1161, '101304', 'DON CARLOS', '1013', '101304000', '', 10),
(1162, '101305', 'IMPASUG-ONG', '1013', '101305000', '', 10),
(1163, '101306', 'KADINGILAN', '1013', '101306000', '', 10),
(1164, '101307', 'KALILANGAN', '1013', '101307000', '', 10),
(1165, '101308', 'KIBAWE', '1013', '101308000', '', 10),
(1166, '101309', 'KITAOTAO', '1013', '101309000', '', 10),
(1167, '101310', 'LANTAPAN', '1013', '101310000', '', 10),
(1168, '101311', 'LIBONA', '1013', '101311000', '', 10),
(1169, '101312', 'CITY OF MALAYBALAY (Capital)', '1013', '101312000', '', 10),
(1170, '101313', 'MALITBOG', '1013', '101313000', '', 10),
(1171, '101314', 'MANOLO FORTICH', '1013', '101314000', '', 10),
(1172, '101315', 'MARAMAG', '1013', '101315000', '', 10),
(1173, '101316', 'PANGANTUCAN', '1013', '101316000', '', 10),
(1174, '101317', 'QUEZON', '1013', '101317000', '', 10),
(1175, '101318', 'SAN FERNANDO', '1013', '101318000', '', 10),
(1176, '101319', 'SUMILAO', '1013', '101319000', '', 10),
(1177, '101320', 'TALAKAG', '1013', '101320000', '', 10),
(1178, '101321', 'CITY OF VALENCIA', '1013', '101321000', '', 10),
(1179, '101322', 'CABANGLASAN', '1013', '101322000', '', 10),
(1180, '101801', 'CATARMAN', '1018', '101801000', '', 10),
(1181, '101802', 'GUINSILIBAN', '1018', '101802000', '', 10),
(1182, '101803', 'MAHINOG', '1018', '101803000', '', 10),
(1183, '101804', 'MAMBAJAO (Capital)', '1018', '101804000', '', 10),
(1184, '101805', 'SAGAY', '1018', '101805000', '', 10),
(1185, '103501', 'BACOLOD', '1035', '103501000', '', 10),
(1186, '103502', 'BALOI', '1035', '103502000', '', 10),
(1187, '103503', 'BAROY', '1035', '103503000', '', 10),
(1188, '103504', 'ILIGAN CITY', '1035', '103504000', '', 10),
(1189, '103505', 'KAPATAGAN', '1035', '103505000', '', 10),
(1190, '103506', 'SULTAN NAGA DIMAPORO (KAROMATAN)', '1035', '103506000', '', 10),
(1191, '103507', 'KAUSWAGAN', '1035', '103507000', '', 10),
(1192, '103508', 'KOLAMBUGAN', '1035', '103508000', '', 10),
(1193, '103509', 'LALA', '1035', '103509000', '', 10),
(1194, '103510', 'LINAMON', '1035', '103510000', '', 10),
(1195, '103511', 'MAGSAYSAY', '1035', '103511000', '', 10),
(1196, '103512', 'MAIGO', '1035', '103512000', '', 10),
(1197, '103513', 'MATUNGAO', '1035', '103513000', '', 10),
(1198, '103514', 'MUNAI', '1035', '103514000', '', 10),
(1199, '103515', 'NUNUNGAN', '1035', '103515000', '', 10),
(1200, '103516', 'PANTAO RAGAT', '1035', '103516000', '', 10),
(1201, '103517', 'POONA PIAGAPO', '1035', '103517000', '', 10),
(1202, '103518', 'SALVADOR', '1035', '103518000', '', 10),
(1203, '103519', 'SAPAD', '1035', '103519000', '', 10),
(1204, '103520', 'TAGOLOAN', '1035', '103520000', '', 10),
(1205, '103521', 'TANGCAL', '1035', '103521000', '', 10),
(1206, '103522', 'TUBOD (Capital)', '1035', '103522000', '', 10),
(1207, '103523', 'PANTAR', '1035', '103523000', '', 10),
(1208, '104201', 'ALORAN', '1042', '104201000', '', 10),
(1209, '104202', 'BALIANGAO', '1042', '104202000', '', 10),
(1210, '104203', 'BONIFACIO', '1042', '104203000', '', 10),
(1211, '104204', 'CALAMBA', '1042', '104204000', '', 10),
(1212, '104205', 'CLARIN', '1042', '104205000', '', 10),
(1213, '104206', 'CONCEPCION', '1042', '104206000', '', 10),
(1214, '104207', 'JIMENEZ', '1042', '104207000', '', 10),
(1215, '104208', 'LOPEZ JAENA', '1042', '104208000', '', 10),
(1216, '104209', 'OROQUIETA CITY (Capital)', '1042', '104209000', '', 10),
(1217, '104210', 'OZAMIS CITY', '1042', '104210000', '', 10),
(1218, '104211', 'PANAON', '1042', '104211000', '', 10),
(1219, '104212', 'PLARIDEL', '1042', '104212000', '', 10),
(1220, '104213', 'SAPANG DALAGA', '1042', '104213000', '', 10),
(1221, '104214', 'SINACABAN', '1042', '104214000', '', 10),
(1222, '104215', 'TANGUB CITY', '1042', '104215000', '', 10),
(1223, '104216', 'TUDELA', '1042', '104216000', '', 10),
(1224, '104217', 'DON VICTORIANO CHIONGBIAN  (DON MARIANO MARCOS)', '1042', '104217000', '', 10),
(1225, '104301', 'ALUBIJID', '1043', '104301000', '', 10),
(1226, '104302', 'BALINGASAG', '1043', '104302000', '', 10),
(1227, '104303', 'BALINGOAN', '1043', '104303000', '', 10),
(1228, '104304', 'BINUANGAN', '1043', '104304000', '', 10),
(1229, '104305', 'CAGAYAN DE ORO CITY (Capital)', '1043', '104305000', '', 10),
(1230, '104306', 'CLAVERIA', '1043', '104306000', '', 10),
(1231, '104307', 'CITY OF EL SALVADOR', '1043', '104307000', '', 10),
(1232, '104308', 'GINGOOG CITY', '1043', '104308000', '', 10),
(1233, '104309', 'GITAGUM', '1043', '104309000', '', 10),
(1234, '104310', 'INITAO', '1043', '104310000', '', 10),
(1235, '104311', 'JASAAN', '1043', '104311000', '', 10),
(1236, '104312', 'KINOGUITAN', '1043', '104312000', '', 10),
(1237, '104313', 'LAGONGLONG', '1043', '104313000', '', 10),
(1238, '104314', 'LAGUINDINGAN', '1043', '104314000', '', 10),
(1239, '104315', 'LIBERTAD', '1043', '104315000', '', 10),
(1240, '104316', 'LUGAIT', '1043', '104316000', '', 10),
(1241, '104317', 'MAGSAYSAY (LINUGOS)', '1043', '104317000', '', 10),
(1242, '104318', 'MANTICAO', '1043', '104318000', '', 10),
(1243, '104319', 'MEDINA', '1043', '104319000', '', 10),
(1244, '104320', 'NAAWAN', '1043', '104320000', '', 10),
(1245, '104321', 'OPOL', '1043', '104321000', '', 10),
(1246, '104322', 'SALAY', '1043', '104322000', '', 10),
(1247, '104323', 'SUGBONGCOGON', '1043', '104323000', '', 10),
(1248, '104324', 'TAGOLOAN', '1043', '104324000', '', 10),
(1249, '104325', 'TALISAYAN', '1043', '104325000', '', 10),
(1250, '104326', 'VILLANUEVA', '1043', '104326000', '', 10),
(1251, '112301', 'ASUNCION (SAUG)', '1123', '112301000', '', 11),
(1252, '112303', 'CARMEN', '1123', '112303000', '', 11),
(1253, '112305', 'KAPALONG', '1123', '112305000', '', 11),
(1254, '112314', 'NEW CORELLA', '1123', '112314000', '', 11),
(1255, '112315', 'CITY OF PANABO', '1123', '112315000', '', 11),
(1256, '112317', 'ISLAND GARDEN CITY OF SAMAL', '1123', '112317000', '', 11),
(1257, '112318', 'SANTO TOMAS', '1123', '112318000', '', 11),
(1258, '112319', 'CITY OF TAGUM (Capital)', '1123', '112319000', '', 11),
(1259, '112322', 'TALAINGOD', '1123', '112322000', '', 11),
(1260, '112323', 'BRAULIO E. DUJALI', '1123', '112323000', '', 11),
(1261, '112324', 'SAN ISIDRO', '1123', '112324000', '', 11),
(1262, '112401', 'BANSALAN', '1124', '112401000', '', 11),
(1263, '112402', 'DAVAO CITY', '1124', '112402000', '', 11),
(1264, '112403', 'CITY OF DIGOS (Capital)', '1124', '112403000', '', 11),
(1265, '112404', 'HAGONOY', '1124', '112404000', '', 11),
(1266, '112406', 'KIBLAWAN', '1124', '112406000', '', 11),
(1267, '112407', 'MAGSAYSAY', '1124', '112407000', '', 11),
(1268, '112408', 'MALALAG', '1124', '112408000', '', 11),
(1269, '112410', 'MATANAO', '1124', '112410000', '', 11),
(1270, '112411', 'PADADA', '1124', '112411000', '', 11),
(1271, '112412', 'SANTA CRUZ', '1124', '112412000', '', 11),
(1272, '112414', 'SULOP', '1124', '112414000', '', 11),
(1273, '112501', 'BAGANGA', '1125', '112501000', '', 11),
(1274, '112502', 'BANAYBANAY', '1125', '112502000', '', 11),
(1275, '112503', 'BOSTON', '1125', '112503000', '', 11),
(1276, '112504', 'CARAGA', '1125', '112504000', '', 11),
(1277, '112505', 'CATEEL', '1125', '112505000', '', 11),
(1278, '112506', 'GOVERNOR GENEROSO', '1125', '112506000', '', 11),
(1279, '112507', 'LUPON', '1125', '112507000', '', 11),
(1280, '112508', 'MANAY', '1125', '112508000', '', 11),
(1281, '112509', 'CITY OF MATI (Capital)', '1125', '112509000', '', 11),
(1282, '112510', 'SAN ISIDRO', '1125', '112510000', '', 11),
(1283, '112511', 'TARRAGONA', '1125', '112511000', '', 11),
(1284, '118201', 'COMPOSTELA', '1182', '118201000', '', 11),
(1285, '118202', 'LAAK (SAN VICENTE)', '1182', '118202000', '', 11),
(1286, '118203', 'MABINI (DOÑA ALICIA)', '1182', '118203000', '', 11),
(1287, '118204', 'MACO', '1182', '118204000', '', 11),
(1288, '118205', 'MARAGUSAN (SAN MARIANO)', '1182', '118205000', '', 11),
(1289, '118206', 'MAWAB', '1182', '118206000', '', 11),
(1290, '118207', 'MONKAYO', '1182', '118207000', '', 11),
(1291, '118208', 'MONTEVISTA', '1182', '118208000', '', 11),
(1292, '118209', 'NABUNTURAN (Capital)', '1182', '118209000', '', 11),
(1293, '118210', 'NEW BATAAN', '1182', '118210000', '', 11),
(1294, '118211', 'PANTUKAN', '1182', '118211000', '', 11),
(1295, '118601', 'DON MARCELINO', '1186', '118601000', '', 11),
(1296, '118602', 'JOSE ABAD SANTOS (TRINIDAD)', '1186', '118602000', '', 11),
(1297, '118603', 'MALITA', '1186', '118603000', '', 11),
(1298, '118604', 'SANTA MARIA', '1186', '118604000', '', 11),
(1299, '118605', 'SARANGANI', '1186', '118605000', '', 11),
(1300, '124701', 'ALAMADA', '1247', '124701000', '', 12),
(1301, '124702', 'CARMEN', '1247', '124702000', '', 12),
(1302, '124703', 'KABACAN', '1247', '124703000', '', 12),
(1303, '124704', 'CITY OF KIDAPAWAN (Capital)', '1247', '124704000', '', 12),
(1304, '124705', 'LIBUNGAN', '1247', '124705000', '', 12),
(1305, '124706', 'MAGPET', '1247', '124706000', '', 12),
(1306, '124707', 'MAKILALA', '1247', '124707000', '', 12),
(1307, '124708', 'MATALAM', '1247', '124708000', '', 12),
(1308, '124709', 'MIDSAYAP', '1247', '124709000', '', 12),
(1309, '124710', 'M\'LANG', '1247', '124710000', '', 12),
(1310, '124711', 'PIGKAWAYAN', '1247', '124711000', '', 12),
(1311, '124712', 'PIKIT', '1247', '124712000', '', 12),
(1312, '124713', 'PRESIDENT ROXAS', '1247', '124713000', '', 12),
(1313, '124714', 'TULUNAN', '1247', '124714000', '', 12),
(1314, '124715', 'ANTIPAS', '1247', '124715000', '', 12),
(1315, '124716', 'BANISILAN', '1247', '124716000', '', 12),
(1316, '124717', 'ALEOSAN', '1247', '124717000', '', 12),
(1317, '124718', 'ARAKAN', '1247', '124718000', '', 12),
(1318, '126302', 'BANGA', '1263', '126302000', '', 12),
(1319, '126303', 'GENERAL SANTOS CITY (DADIANGAS)', '1263', '126303000', '', 12),
(1320, '126306', 'CITY OF KORONADAL (Capital)', '1263', '126306000', '', 12),
(1321, '126311', 'NORALA', '1263', '126311000', '', 12),
(1322, '126312', 'POLOMOLOK', '1263', '126312000', '', 12),
(1323, '126313', 'SURALLAH', '1263', '126313000', '', 12),
(1324, '126314', 'TAMPAKAN', '1263', '126314000', '', 12),
(1325, '126315', 'TANTANGAN', '1263', '126315000', '', 12),
(1326, '126316', 'T\'BOLI', '1263', '126316000', '', 12),
(1327, '126317', 'TUPI', '1263', '126317000', '', 12),
(1328, '126318', 'SANTO NIÑO', '1263', '126318000', '', 12),
(1329, '126319', 'LAKE SEBU', '1263', '126319000', '', 12),
(1330, '126501', 'BAGUMBAYAN', '1265', '126501000', '', 12),
(1331, '126502', 'COLUMBIO', '1265', '126502000', '', 12),
(1332, '126503', 'ESPERANZA', '1265', '126503000', '', 12),
(1333, '126504', 'ISULAN (Capital)', '1265', '126504000', '', 12),
(1334, '126505', 'KALAMANSIG', '1265', '126505000', '', 12),
(1335, '126506', 'LEBAK', '1265', '126506000', '', 12),
(1336, '126507', 'LUTAYAN', '1265', '126507000', '', 12),
(1337, '126508', 'LAMBAYONG (MARIANO MARCOS)', '1265', '126508000', '', 12),
(1338, '126509', 'PALIMBANG', '1265', '126509000', '', 12),
(1339, '126510', 'PRESIDENT QUIRINO', '1265', '126510000', '', 12),
(1340, '126511', 'CITY OF TACURONG', '1265', '126511000', '', 12),
(1341, '126512', 'SEN. NINOY AQUINO', '1265', '126512000', '', 12),
(1342, '128001', 'ALABEL (Capital)', '1280', '128001000', '', 12),
(1343, '128002', 'GLAN', '1280', '128002000', '', 12),
(1344, '128003', 'KIAMBA', '1280', '128003000', '', 12),
(1345, '128004', 'MAASIM', '1280', '128004000', '', 12),
(1346, '128005', 'MAITUM', '1280', '128005000', '', 12),
(1347, '128006', 'MALAPATAN', '1280', '128006000', '', 12),
(1348, '128007', 'MALUNGON', '1280', '128007000', '', 12),
(1349, '129804', 'COTABATO CITY', '1298', '129804000', '', 12),
(1350, '133901', 'TONDO I / II', '1339', '133901000', '', 13),
(1351, '133902', 'BINONDO', '1339', '133902000', '', 13),
(1352, '133903', 'QUIAPO', '1339', '133903000', '', 13),
(1353, '133904', 'SAN NICOLAS', '1339', '133904000', '', 13),
(1354, '133905', 'SANTA CRUZ', '1339', '133905000', '', 13),
(1355, '133906', 'SAMPALOC', '1339', '133906000', '', 13),
(1356, '133907', 'SAN MIGUEL', '1339', '133907000', '', 13),
(1357, '133908', 'ERMITA', '1339', '133908000', '', 13),
(1358, '133909', 'INTRAMUROS', '1339', '133909000', '', 13),
(1359, '133910', 'MALATE', '1339', '133910000', '', 13),
(1360, '133911', 'PACO', '1339', '133911000', '', 13),
(1361, '133912', 'PANDACAN', '1339', '133912000', '', 13),
(1362, '133913', 'PORT AREA', '1339', '133913000', '', 13),
(1363, '133914', 'SANTA ANA', '1339', '133914000', '', 13),
(1364, '137401', 'CITY OF MANDALUYONG', '1374', '137401000', '', 13),
(1365, '137402', 'CITY OF MARIKINA', '1374', '137402000', '', 13),
(1366, '137403', 'CITY OF PASIG', '1374', '137403000', '', 13),
(1367, '137404', 'QUEZON CITY', '1374', '137404000', '', 13),
(1368, '137405', 'CITY OF SAN JUAN', '1374', '137405000', '', 13),
(1369, '137501', 'CALOOCAN CITY', '1375', '137501000', '', 13),
(1370, '137502', 'CITY OF MALABON', '1375', '137502000', '', 13),
(1371, '137503', 'CITY OF NAVOTAS', '1375', '137503000', '', 13),
(1372, '137504', 'CITY OF VALENZUELA', '1375', '137504000', '', 13),
(1373, '137601', 'CITY OF LAS PIÑAS', '1376', '137601000', '', 13),
(1374, '137602', 'CITY OF MAKATI', '1376', '137602000', '', 13),
(1375, '137603', 'CITY OF MUNTINLUPA', '1376', '137603000', '', 13),
(1376, '137604', 'CITY OF PARAÑAQUE', '1376', '137604000', '', 13),
(1377, '137605', 'PASAY CITY', '1376', '137605000', '', 13),
(1378, '137606', 'PATEROS', '1376', '137606000', '', 13),
(1379, '137607', 'TAGUIG CITY', '1376', '137607000', '', 13),
(1380, '140101', 'BANGUED (Capital)', '1401', '140101000', '', 14),
(1381, '140102', 'BOLINEY', '1401', '140102000', '', 14),
(1382, '140103', 'BUCAY', '1401', '140103000', '', 14),
(1383, '140104', 'BUCLOC', '1401', '140104000', '', 14),
(1384, '140105', 'DAGUIOMAN', '1401', '140105000', '', 14),
(1385, '140106', 'DANGLAS', '1401', '140106000', '', 14),
(1386, '140107', 'DOLORES', '1401', '140107000', '', 14),
(1387, '140108', 'LA PAZ', '1401', '140108000', '', 14),
(1388, '140109', 'LACUB', '1401', '140109000', '', 14),
(1389, '140110', 'LAGANGILANG', '1401', '140110000', '', 14),
(1390, '140111', 'LAGAYAN', '1401', '140111000', '', 14),
(1391, '140112', 'LANGIDEN', '1401', '140112000', '', 14),
(1392, '140113', 'LICUAN-BAAY (LICUAN)', '1401', '140113000', '', 14),
(1393, '140114', 'LUBA', '1401', '140114000', '', 14),
(1394, '140115', 'MALIBCONG', '1401', '140115000', '', 14),
(1395, '140116', 'MANABO', '1401', '140116000', '', 14),
(1396, '140117', 'PEÑARRUBIA', '1401', '140117000', '', 14),
(1397, '140118', 'PIDIGAN', '1401', '140118000', '', 14),
(1398, '140119', 'PILAR', '1401', '140119000', '', 14),
(1399, '140120', 'SALLAPADAN', '1401', '140120000', '', 14),
(1400, '140121', 'SAN ISIDRO', '1401', '140121000', '', 14),
(1401, '140122', 'SAN JUAN', '1401', '140122000', '', 14),
(1402, '140123', 'SAN QUINTIN', '1401', '140123000', '', 14),
(1403, '140124', 'TAYUM', '1401', '140124000', '', 14),
(1404, '140125', 'TINEG', '1401', '140125000', '', 14),
(1405, '140126', 'TUBO', '1401', '140126000', '', 14),
(1406, '140127', 'VILLAVICIOSA', '1401', '140127000', '', 14),
(1407, '141101', 'ATOK', '1411', '141101000', '', 14),
(1408, '141102', 'BAGUIO CITY', '1411', '141102000', '', 14),
(1409, '141103', 'BAKUN', '1411', '141103000', '', 14),
(1410, '141104', 'BOKOD', '1411', '141104000', '', 14),
(1411, '141105', 'BUGUIAS', '1411', '141105000', '', 14),
(1412, '141106', 'ITOGON', '1411', '141106000', '', 14),
(1413, '141107', 'KABAYAN', '1411', '141107000', '', 14),
(1414, '141108', 'KAPANGAN', '1411', '141108000', '', 14),
(1415, '141109', 'KIBUNGAN', '1411', '141109000', '', 14),
(1416, '141110', 'LA TRINIDAD (Capital)', '1411', '141110000', '', 14),
(1417, '141111', 'MANKAYAN', '1411', '141111000', '', 14),
(1418, '141112', 'SABLAN', '1411', '141112000', '', 14),
(1419, '141113', 'TUBA', '1411', '141113000', '', 14),
(1420, '141114', 'TUBLAY', '1411', '141114000', '', 14),
(1421, '142701', 'BANAUE', '1427', '142701000', '', 14),
(1422, '142702', 'HUNGDUAN', '1427', '142702000', '', 14),
(1423, '142703', 'KIANGAN', '1427', '142703000', '', 14),
(1424, '142704', 'LAGAWE (Capital)', '1427', '142704000', '', 14),
(1425, '142705', 'LAMUT', '1427', '142705000', '', 14),
(1426, '142706', 'MAYOYAO', '1427', '142706000', '', 14),
(1427, '142707', 'ALFONSO LISTA (POTIA)', '1427', '142707000', '', 14),
(1428, '142708', 'AGUINALDO', '1427', '142708000', '', 14),
(1429, '142709', 'HINGYON', '1427', '142709000', '', 14),
(1430, '142710', 'TINOC', '1427', '142710000', '', 14),
(1431, '142711', 'ASIPULO', '1427', '142711000', '', 14),
(1432, '143201', 'BALBALAN', '1432', '143201000', '', 14),
(1433, '143206', 'LUBUAGAN', '1432', '143206000', '', 14),
(1434, '143208', 'PASIL', '1432', '143208000', '', 14),
(1435, '143209', 'PINUKPUK', '1432', '143209000', '', 14),
(1436, '143211', 'RIZAL (LIWAN)', '1432', '143211000', '', 14),
(1437, '143213', 'CITY OF TABUK (Capital)', '1432', '143213000', '', 14),
(1438, '143214', 'TANUDAN', '1432', '143214000', '', 14),
(1439, '143215', 'TINGLAYAN', '1432', '143215000', '', 14),
(1440, '144401', 'BARLIG', '1444', '144401000', '', 14),
(1441, '144402', 'BAUKO', '1444', '144402000', '', 14),
(1442, '144403', 'BESAO', '1444', '144403000', '', 14),
(1443, '144404', 'BONTOC (Capital)', '1444', '144404000', '', 14),
(1444, '144405', 'NATONIN', '1444', '144405000', '', 14),
(1445, '144406', 'PARACELIS', '1444', '144406000', '', 14),
(1446, '144407', 'SABANGAN', '1444', '144407000', '', 14),
(1447, '144408', 'SADANGA', '1444', '144408000', '', 14),
(1448, '144409', 'SAGADA', '1444', '144409000', '', 14),
(1449, '144410', 'TADIAN', '1444', '144410000', '', 14),
(1450, '148101', 'CALANASAN (BAYAG)', '1481', '148101000', '', 14),
(1451, '148102', 'CONNER', '1481', '148102000', '', 14),
(1452, '148103', 'FLORA', '1481', '148103000', '', 14),
(1453, '148104', 'KABUGAO (Capital)', '1481', '148104000', '', 14),
(1454, '148105', 'LUNA', '1481', '148105000', '', 14),
(1455, '148106', 'PUDTOL', '1481', '148106000', '', 14),
(1456, '148107', 'SANTA MARCELA', '1481', '148107000', '', 14),
(1457, '150702', 'CITY OF LAMITAN', '1507', '150702000', '', 15),
(1458, '150703', 'LANTAWAN', '1507', '150703000', '', 15),
(1459, '150704', 'MALUSO', '1507', '150704000', '', 15),
(1460, '150705', 'SUMISIP', '1507', '150705000', '', 15),
(1461, '150706', 'TIPO-TIPO', '1507', '150706000', '', 15),
(1462, '150707', 'TUBURAN', '1507', '150707000', '', 15),
(1463, '150708', 'AKBAR', '1507', '150708000', '', 15),
(1464, '150709', 'AL-BARKA', '1507', '150709000', '', 15),
(1465, '150710', 'HADJI MOHAMMAD AJUL', '1507', '150710000', '', 15),
(1466, '150711', 'UNGKAYA PUKAN', '1507', '150711000', '', 15),
(1467, '150712', 'HADJI MUHTAMAD', '1507', '150712000', '', 15),
(1468, '150713', 'TABUAN-LASA', '1507', '150713000', '', 15),
(1469, '153601', 'BACOLOD-KALAWI (BACOLOD GRANDE)', '1536', '153601000', '', 15),
(1470, '153602', 'BALABAGAN', '1536', '153602000', '', 15),
(1471, '153603', 'BALINDONG (WATU)', '1536', '153603000', '', 15),
(1472, '153604', 'BAYANG', '1536', '153604000', '', 15),
(1473, '153605', 'BINIDAYAN', '1536', '153605000', '', 15),
(1474, '153606', 'BUBONG', '1536', '153606000', '', 15),
(1475, '153607', 'BUTIG', '1536', '153607000', '', 15),
(1476, '153609', 'GANASSI', '1536', '153609000', '', 15),
(1477, '153610', 'KAPAI', '1536', '153610000', '', 15),
(1478, '153611', 'LUMBA-BAYABAO (MAGUING)', '1536', '153611000', '', 15),
(1479, '153612', 'LUMBATAN', '1536', '153612000', '', 15),
(1480, '153613', 'MADALUM', '1536', '153613000', '', 15),
(1481, '153614', 'MADAMBA', '1536', '153614000', '', 15),
(1482, '153615', 'MALABANG', '1536', '153615000', '', 15),
(1483, '153616', 'MARANTAO', '1536', '153616000', '', 15),
(1484, '153617', 'MARAWI CITY (Capital)', '1536', '153617000', '', 15),
(1485, '153618', 'MASIU', '1536', '153618000', '', 15),
(1486, '153619', 'MULONDO', '1536', '153619000', '', 15),
(1487, '153620', 'PAGAYAWAN (TATARIKAN)', '1536', '153620000', '', 15),
(1488, '153621', 'PIAGAPO', '1536', '153621000', '', 15),
(1489, '153622', 'POONA BAYABAO (GATA)', '1536', '153622000', '', 15),
(1490, '153623', 'PUALAS', '1536', '153623000', '', 15),
(1491, '153624', 'DITSAAN-RAMAIN', '1536', '153624000', '', 15),
(1492, '153625', 'SAGUIARAN', '1536', '153625000', '', 15),
(1493, '153626', 'TAMPARAN', '1536', '153626000', '', 15),
(1494, '153627', 'TARAKA', '1536', '153627000', '', 15),
(1495, '153628', 'TUBARAN', '1536', '153628000', '', 15),
(1496, '153629', 'TUGAYA', '1536', '153629000', '', 15),
(1497, '153630', 'WAO', '1536', '153630000', '', 15),
(1498, '153631', 'MAROGONG', '1536', '153631000', '', 15),
(1499, '153632', 'CALANOGAS', '1536', '153632000', '', 15),
(1500, '153633', 'BUADIPOSO-BUNTONG', '1536', '153633000', '', 15),
(1501, '153634', 'MAGUING', '1536', '153634000', '', 15),
(1502, '153635', 'PICONG (SULTAN GUMANDER)', '1536', '153635000', '', 15),
(1503, '153636', 'LUMBAYANAGUE', '1536', '153636000', '', 15),
(1504, '153637', 'BUMBARAN', '1536', '153637000', '', 15),
(1505, '153638', 'TAGOLOAN II', '1536', '153638000', '', 15),
(1506, '153639', 'KAPATAGAN', '1536', '153639000', '', 15),
(1507, '153640', 'SULTAN DUMALONDONG', '1536', '153640000', '', 15),
(1508, '153641', 'LUMBACA-UNAYAN', '1536', '153641000', '', 15),
(1509, '153801', 'AMPATUAN', '1538', '153801000', '', 15),
(1510, '153802', 'BULDON', '1538', '153802000', '', 15),
(1511, '153803', 'BULUAN', '1538', '153803000', '', 15),
(1512, '153805', 'DATU PAGLAS', '1538', '153805000', '', 15),
(1513, '153806', 'DATU PIANG', '1538', '153806000', '', 15),
(1514, '153807', 'DATU ODIN SINSUAT (DINAIG)', '1538', '153807000', '', 15),
(1515, '153808', 'SHARIFF AGUAK (MAGANOY) (Capital)', '1538', '153808000', '', 15),
(1516, '153809', 'MATANOG', '1538', '153809000', '', 15),
(1517, '153810', 'PAGALUNGAN', '1538', '153810000', '', 15),
(1518, '153811', 'PARANG', '1538', '153811000', '', 15),
(1519, '153812', 'SULTAN KUDARAT (NULING)', '1538', '153812000', '', 15),
(1520, '153813', 'SULTAN SA BARONGIS (LAMBAYONG)', '1538', '153813000', '', 15),
(1521, '153814', 'KABUNTALAN (TUMBAO)', '1538', '153814000', '', 15),
(1522, '153815', 'UPI', '1538', '153815000', '', 15),
(1523, '153816', 'TALAYAN', '1538', '153816000', '', 15),
(1524, '153817', 'SOUTH UPI', '1538', '153817000', '', 15),
(1525, '153818', 'BARIRA', '1538', '153818000', '', 15),
(1526, '153819', 'GEN. S. K. PENDATUN', '1538', '153819000', '', 15),
(1527, '153820', 'MAMASAPANO', '1538', '153820000', '', 15),
(1528, '153821', 'TALITAY', '1538', '153821000', '', 15),
(1529, '153822', 'PAGAGAWAN', '1538', '153822000', '', 15),
(1530, '153823', 'PAGLAT', '1538', '153823000', '', 15),
(1531, '153824', 'SULTAN MASTURA', '1538', '153824000', '', 15),
(1532, '153825', 'GUINDULUNGAN', '1538', '153825000', '', 15),
(1533, '153826', 'DATU SAUDI-AMPATUAN', '1538', '153826000', '', 15),
(1534, '153827', 'DATU UNSAY', '1538', '153827000', '', 15),
(1535, '153828', 'DATU ABDULLAH SANGKI', '1538', '153828000', '', 15),
(1536, '153829', 'RAJAH BUAYAN', '1538', '153829000', '', 15),
(1537, '153830', 'DATU BLAH T. SINSUAT', '1538', '153830000', '', 15),
(1538, '153831', 'DATU ANGGAL MIDTIMBANG', '1538', '153831000', '', 15),
(1539, '153832', 'MANGUDADATU', '1538', '153832000', '', 15),
(1540, '153833', 'PANDAG', '1538', '153833000', '', 15),
(1541, '153834', 'NORTHERN KABUNTALAN', '1538', '153834000', '', 15),
(1542, '153835', 'DATU HOFFER AMPATUAN', '1538', '153835000', '', 15),
(1543, '153836', 'DATU SALIBO', '1538', '153836000', '', 15),
(1544, '153837', 'SHARIFF SAYDONA MUSTAPHA', '1538', '153837000', '', 15),
(1545, '156601', 'INDANAN', '1566', '156601000', '', 15),
(1546, '156602', 'JOLO (Capital)', '1566', '156602000', '', 15),
(1547, '156603', 'KALINGALAN CALUANG', '1566', '156603000', '', 15),
(1548, '156604', 'LUUK', '1566', '156604000', '', 15),
(1549, '156605', 'MAIMBUNG', '1566', '156605000', '', 15),
(1550, '156606', 'HADJI PANGLIMA TAHIL (MARUNGGAS)', '1566', '156606000', '', 15),
(1551, '156607', 'OLD PANAMAO', '1566', '156607000', '', 15),
(1552, '156608', 'PANGUTARAN', '1566', '156608000', '', 15),
(1553, '156609', 'PARANG', '1566', '156609000', '', 15),
(1554, '156610', 'PATA', '1566', '156610000', '', 15),
(1555, '156611', 'PATIKUL', '1566', '156611000', '', 15),
(1556, '156612', 'SIASI', '1566', '156612000', '', 15),
(1557, '156613', 'TALIPAO', '1566', '156613000', '', 15),
(1558, '156614', 'TAPUL', '1566', '156614000', '', 15),
(1559, '156615', 'TONGKIL', '1566', '156615000', '', 15),
(1560, '156616', 'PANGLIMA ESTINO (NEW PANAMAO)', '1566', '156616000', '', 15),
(1561, '156617', 'LUGUS', '1566', '156617000', '', 15),
(1562, '156618', 'PANDAMI', '1566', '156618000', '', 15),
(1563, '156619', 'OMAR', '1566', '156619000', '', 15),
(1564, '157001', 'PANGLIMA SUGALA (BALIMBING)', '1570', '157001000', '', 15),
(1565, '157002', 'BONGAO (Capital)', '1570', '157002000', '', 15),
(1566, '157003', 'MAPUN (CAGAYAN DE TAWI-TAWI)', '1570', '157003000', '', 15),
(1567, '157004', 'SIMUNUL', '1570', '157004000', '', 15),
(1568, '157005', 'SITANGKAI', '1570', '157005000', '', 15),
(1569, '157006', 'SOUTH UBIAN', '1570', '157006000', '', 15),
(1570, '157007', 'TANDUBAS', '1570', '157007000', '', 15),
(1571, '157008', 'TURTLE ISLANDS', '1570', '157008000', '', 15),
(1572, '157009', 'LANGUYAN', '1570', '157009000', '', 15),
(1573, '157010', 'SAPA-SAPA', '1570', '157010000', '', 15),
(1574, '157011', 'SIBUTU', '1570', '157011000', '', 15),
(1575, '160201', 'BUENAVISTA', '1602', '160201000', '', 16),
(1576, '160202', 'BUTUAN CITY (Capital)', '1602', '160202000', '', 16),
(1577, '160203', 'CITY OF CABADBARAN', '1602', '160203000', '', 16),
(1578, '160204', 'CARMEN', '1602', '160204000', '', 16),
(1579, '160205', 'JABONGA', '1602', '160205000', '', 16),
(1580, '160206', 'KITCHARAO', '1602', '160206000', '', 16),
(1581, '160207', 'LAS NIEVES', '1602', '160207000', '', 16),
(1582, '160208', 'MAGALLANES', '1602', '160208000', '', 16),
(1583, '160209', 'NASIPIT', '1602', '160209000', '', 16),
(1584, '160210', 'SANTIAGO', '1602', '160210000', '', 16),
(1585, '160211', 'TUBAY', '1602', '160211000', '', 16),
(1586, '160212', 'REMEDIOS T. ROMUALDEZ', '1602', '160212000', '', 16),
(1587, '160301', 'CITY OF BAYUGAN', '1603', '160301000', '', 16),
(1588, '160302', 'BUNAWAN', '1603', '160302000', '', 16),
(1589, '160303', 'ESPERANZA', '1603', '160303000', '', 16),
(1590, '160304', 'LA PAZ', '1603', '160304000', '', 16),
(1591, '160305', 'LORETO', '1603', '160305000', '', 16),
(1592, '160306', 'PROSPERIDAD (Capital)', '1603', '160306000', '', 16),
(1593, '160307', 'ROSARIO', '1603', '160307000', '', 16),
(1594, '160308', 'SAN FRANCISCO', '1603', '160308000', '', 16),
(1595, '160309', 'SAN LUIS', '1603', '160309000', '', 16),
(1596, '160310', 'SANTA JOSEFA', '1603', '160310000', '', 16),
(1597, '160311', 'TALACOGON', '1603', '160311000', '', 16),
(1598, '160312', 'TRENTO', '1603', '160312000', '', 16),
(1599, '160313', 'VERUELA', '1603', '160313000', '', 16),
(1600, '160314', 'SIBAGAT', '1603', '160314000', '', 16),
(1601, '166701', 'ALEGRIA', '1667', '166701000', '', 16),
(1602, '166702', 'BACUAG', '1667', '166702000', '', 16),
(1603, '166704', 'BURGOS', '1667', '166704000', '', 16),
(1604, '166706', 'CLAVER', '1667', '166706000', '', 16),
(1605, '166707', 'DAPA', '1667', '166707000', '', 16),
(1606, '166708', 'DEL CARMEN', '1667', '166708000', '', 16),
(1607, '166710', 'GENERAL LUNA', '1667', '166710000', '', 16),
(1608, '166711', 'GIGAQUIT', '1667', '166711000', '', 16),
(1609, '166714', 'MAINIT', '1667', '166714000', '', 16),
(1610, '166715', 'MALIMONO', '1667', '166715000', '', 16),
(1611, '166716', 'PILAR', '1667', '166716000', '', 16),
(1612, '166717', 'PLACER', '1667', '166717000', '', 16),
(1613, '166718', 'SAN BENITO', '1667', '166718000', '', 16),
(1614, '166719', 'SAN FRANCISCO (ANAO-AON)', '1667', '166719000', '', 16),
(1615, '166720', 'SAN ISIDRO', '1667', '166720000', '', 16),
(1616, '166721', 'SANTA MONICA (SAPAO)', '1667', '166721000', '', 16),
(1617, '166722', 'SISON', '1667', '166722000', '', 16),
(1618, '166723', 'SOCORRO', '1667', '166723000', '', 16),
(1619, '166724', 'SURIGAO CITY (Capital)', '1667', '166724000', '', 16),
(1620, '166725', 'TAGANA-AN', '1667', '166725000', '', 16),
(1621, '166727', 'TUBOD', '1667', '166727000', '', 16),
(1622, '166801', 'BAROBO', '1668', '166801000', '', 16),
(1623, '166802', 'BAYABAS', '1668', '166802000', '', 16),
(1624, '166803', 'CITY OF BISLIG', '1668', '166803000', '', 16),
(1625, '166804', 'CAGWAIT', '1668', '166804000', '', 16),
(1626, '166805', 'CANTILAN', '1668', '166805000', '', 16),
(1627, '166806', 'CARMEN', '1668', '166806000', '', 16),
(1628, '166807', 'CARRASCAL', '1668', '166807000', '', 16),
(1629, '166808', 'CORTES', '1668', '166808000', '', 16),
(1630, '166809', 'HINATUAN', '1668', '166809000', '', 16),
(1631, '166810', 'LANUZA', '1668', '166810000', '', 16),
(1632, '166811', 'LIANGA', '1668', '166811000', '', 16),
(1633, '166812', 'LINGIG', '1668', '166812000', '', 16),
(1634, '166813', 'MADRID', '1668', '166813000', '', 16),
(1635, '166814', 'MARIHATAG', '1668', '166814000', '', 16),
(1636, '166815', 'SAN AGUSTIN', '1668', '166815000', '', 16),
(1637, '166816', 'SAN MIGUEL', '1668', '166816000', '', 16),
(1638, '166817', 'TAGBINA', '1668', '166817000', '', 16),
(1639, '166818', 'TAGO', '1668', '166818000', '', 16),
(1640, '166819', 'CITY OF TANDAG (Capital)', '1668', '166819000', '', 16),
(1641, '168501', 'BASILISA (RIZAL)', '1685', '168501000', '', 16),
(1642, '168502', 'CAGDIANAO', '1685', '168502000', '', 16),
(1643, '168503', 'DINAGAT', '1685', '168503000', '', 16),
(1644, '168504', 'LIBJO (ALBOR)', '1685', '168504000', '', 16),
(1645, '168505', 'LORETO', '1685', '168505000', '', 16),
(1646, '168506', 'SAN JOSE (Capital)', '1685', '168506000', '', 16),
(1647, '168507', 'TUBAJON', '1685', '168507000', '', 16);

-- --------------------------------------------------------

--
-- Table structure for table `downlines`
--

CREATE TABLE `downlines` (
  `upline_id` bigint(20) NOT NULL,
  `downline_id` bigint(20) NOT NULL
) ENGINE=InnoDB DEFAULT CHARSET=utf8mb4;

--
-- Dumping data for table `downlines`
--

INSERT INTO `downlines` (`upline_id`, `downline_id`) VALUES
(6, 11),
(6, 12),
(6, 13),
(11, 15);

-- --------------------------------------------------------

--
-- Table structure for table `member_type`
--

CREATE TABLE `member_type` (
  `mem_type_id` bigint(20) NOT NULL,
  `akuna_savings` decimal(19,2) DEFAULT NULL,
  `code` varchar(255) DEFAULT NULL,
  `date_added` datetime DEFAULT NULL,
  `discount` decimal(19,2) DEFAULT NULL,
  `name` varchar(255) DEFAULT NULL,
  `price` decimal(19,2) DEFAULT NULL,
  `status` int(11) DEFAULT NULL
) ENGINE=InnoDB DEFAULT CHARSET=utf8mb4;

-- --------------------------------------------------------

--
-- Table structure for table `product`
--

CREATE TABLE `product` (
  `id` bigint(20) NOT NULL,
  `adc_fee` decimal(19,2) DEFAULT NULL,
  `reg_code_price` decimal(19,2) DEFAULT NULL,
  `dri_fee` decimal(19,2) DEFAULT NULL,
  `date` datetime DEFAULT NULL,
  `alveo_bot_price` decimal(19,2) DEFAULT NULL
) ENGINE=InnoDB DEFAULT CHARSET=utf8mb4;

-- --------------------------------------------------------

--
-- Table structure for table `region`
--

CREATE TABLE `region` (
  `id` bigint(20) NOT NULL,
  `code` bigint(20) DEFAULT NULL,
  `description` varchar(255) DEFAULT NULL,
  `psgc_code` varchar(255) DEFAULT NULL
) ENGINE=InnoDB DEFAULT CHARSET=utf8mb4;

--
-- Dumping data for table `region`
--

INSERT INTO `region` (`id`, `code`, `description`, `psgc_code`) VALUES
(1, 10000000, 'REGION I (ILOCOS REGION)', '01'),
(2, 20000000, 'REGION II (CAGAYAN VALLEY)', '02'),
(3, 30000000, 'REGION III (CENTRAL LUZON)', '03'),
(4, 40000000, 'REGION IV-A (CALABARZON)', '04'),
(5, 170000000, 'REGION IV-B (MIMAROPA)', '17'),
(6, 50000000, 'REGION V (BICOL REGION)', '05'),
(7, 60000000, 'REGION VI (WESTERN VISAYAS)', '06'),
(8, 70000000, 'REGION VII (CENTRAL VISAYAS)', '07'),
(9, 80000000, 'REGION VIII (EASTERN VISAYAS)', '08'),
(10, 90000000, 'REGION IX (ZAMBOANGA PENINSULA)', '09'),
(11, 100000000, 'REGION X (NORTHERN MINDANAO)', '10'),
(12, 110000000, 'REGION XI (DAVAO REGION)', '11'),
(13, 120000000, 'REGION XII (SOCCSKSARGEN)', '12'),
(14, 130000000, 'NATIONAL CAPITAL REGION (NCR)', '13'),
(15, 140000000, 'CORDILLERA ADMINISTRATIVE REGION (CAR)', '14'),
(16, 150000000, 'AUTONOMOUS REGION IN MUSLIM MINDANAO (ARMM)', '15'),
(17, 160000000, 'REGION XIII (Caraga)', '16');

-- --------------------------------------------------------

--
-- Table structure for table `registration_code`
--

CREATE TABLE `registration_code` (
  `code` varchar(255) NOT NULL,
  `amount` decimal(19,2) DEFAULT NULL,
  `dtime_created` datetime DEFAULT NULL,
  `dtime_used` datetime DEFAULT NULL,
  `is_used` bit(1) DEFAULT NULL,
  `adc_id` bigint(20) DEFAULT NULL,
  `added_by` bigint(20) DEFAULT NULL,
  `sold_to` bigint(20) DEFAULT NULL
) ENGINE=InnoDB DEFAULT CHARSET=utf8mb4;

-- --------------------------------------------------------

--
-- Table structure for table `role`
--

CREATE TABLE `role` (
  `role_id` bigint(20) NOT NULL,
  `name` varchar(255) DEFAULT NULL
) ENGINE=InnoDB DEFAULT CHARSET=utf8mb4;

--
-- Dumping data for table `role`
--

INSERT INTO `role` (`role_id`, `name`) VALUES
(4, 'ROLE_ADC'),
(3, 'ROLE_CASHIER'),
(5, 'ROLE_DEPOT'),
(2, 'ROLE_MEMBER'),
(1, 'ROLE_SYSADMIN');

-- --------------------------------------------------------

--
-- Table structure for table `user`
--

CREATE TABLE `user` (
  `user_id` bigint(20) NOT NULL,
  `email` varchar(255) DEFAULT NULL,
  `first_name` varchar(255) DEFAULT NULL,
  `is_enabled` bit(1) DEFAULT NULL,
  `last_name` varchar(255) DEFAULT NULL,
  `password` varchar(255) DEFAULT NULL,
  `username` varchar(255) DEFAULT NULL,
  `adc_id` bigint(20) DEFAULT NULL,
  `direct_sponsor_id` bigint(20) DEFAULT NULL,
  `immediate_upline_id` bigint(20) DEFAULT NULL,
  `address` varchar(255) DEFAULT NULL,
  `birthday` datetime DEFAULT NULL,
  `date_registered` datetime DEFAULT NULL,
  `marital_status` varchar(255) DEFAULT NULL,
  `relationship` varchar(255) DEFAULT NULL,
  `spouse` varchar(255) DEFAULT NULL,
  `successor` varchar(255) DEFAULT NULL,
  `city_id` bigint(20) NOT NULL,
  `tree_level` int(11) DEFAULT NULL
) ENGINE=InnoDB DEFAULT CHARSET=utf8mb4;

--
-- Dumping data for table `user`
--

INSERT INTO `user` (`user_id`, `email`, `first_name`, `is_enabled`, `last_name`, `password`, `username`, `adc_id`, `direct_sponsor_id`, `immediate_upline_id`, `address`, `birthday`, `date_registered`, `marital_status`, `relationship`, `spouse`, `successor`, `city_id`, `tree_level`) VALUES
(1, 'rcvgalima@gmail.com', 'Raymond Carlo', b'1', 'Galima', '$2a$10$FsJnuyrNumRr8PHmOe1KkejIZ1jf0FkFj3htinUp494jFxQiPSkTq', 'asd', 1, NULL, NULL, 'Sa bahay namen', '1997-09-30 23:43:09', '2019-12-01 23:43:01', 'SINGLE', NULL, NULL, NULL, 1369, NULL),
(6, 'raymond13ize@gmail.com', 'Raymond Carlo', b'1', 'Galima', '$2a$10$IV41zFA3xPRhlGJy31mnFuaw/mLCN8wk3GvK/rsrNOCICkAymXIEa', 'zxc', 1, NULL, NULL, 'Sa bahay lang po namin', '1997-09-30 08:00:00', '2019-12-19 00:39:53', 'SINGLE', NULL, NULL, NULL, 1369, 0),
(7, 'raymond13ize@gmail.com', 'Cashier', b'1', '1', '$2a$10$EElENsFmnaKY66xm0zeoJOL2pn2Y0xkOSQsBFSoychrd25dTTVQQK', 'cas', 1, NULL, NULL, 'Sa bahay lang po namin', '1997-09-30 08:00:00', '2019-12-19 00:41:39', 'SINGLE', NULL, NULL, NULL, 1369, NULL),
(10, 'raymond13ize@gmail.com', NULL, b'1', NULL, '$2a$10$3wOspGp8xoJ6CSY6ssZo8uWshIOJ79/o/pZQJWQygZXMO18Ry6t0W', 'cal_adc', NULL, NULL, NULL, 'Dito lang po samin', NULL, '2019-12-19 16:33:43', NULL, NULL, NULL, NULL, 1369, NULL),
(11, 'raymond13ize@gmail.com', 'qqq', b'1', 'qqq', '$2a$10$jb7LctwhXm9RM7DaM4Vup.oTRGf9LwmkWBnT8ZSTl6YJIjKkl/Js2', 'qqq', 1, 6, 6, 'Sa bahay lang po namin', '1997-09-30 08:00:00', '2019-12-20 14:06:13', 'SINGLE', NULL, NULL, NULL, 1369, 1),
(12, 'raymond13ize@gmail.com', 'www', b'1', 'www', '$2a$10$6Q0wzBnXv8UAX6OmTfpfHuH2mJSMnUbVlbTDUWpizh6gBc6mMb1wu', 'www', 1, 6, 6, 'Sa bahay lang po namin', '1997-09-30 08:00:00', '2019-12-20 14:07:50', 'SINGLE', NULL, NULL, NULL, 1369, 1),
(13, 'raymond13ize@gmail.com', 'eee', b'1', 'eee', '$2a$10$lXtvCoojrivUs2KmzXeppeFEmdMThJNKTA6zEezDH7ECTuJd/WQ6m', 'eee', 1, 6, 6, 'Sa bahay lang po namin', '1997-09-30 08:00:00', '2019-12-20 14:08:46', 'SINGLE', NULL, NULL, NULL, 1369, 1),
(15, 'raymond13ize@gmail.com', 'rrr', b'1', 'rrr', '$2a$10$3lTUFuakA2KzbLlXkuwuZeZv6v2CF1Iftx6Gzhp.IkwyOqZOLCyPC', 'rrr', 1, 6, 11, 'Sa bahay lang po namin', '1997-09-30 08:00:00', '2019-12-20 14:12:21', 'SINGLE', NULL, NULL, NULL, 1369, 2);

-- --------------------------------------------------------

--
-- Table structure for table `user_role`
--

CREATE TABLE `user_role` (
  `user_id` bigint(20) NOT NULL,
  `role_id` bigint(20) NOT NULL
) ENGINE=InnoDB DEFAULT CHARSET=utf8mb4;

--
-- Dumping data for table `user_role`
--

INSERT INTO `user_role` (`user_id`, `role_id`) VALUES
(1, 1),
(6, 2),
(7, 3),
(10, 4),
(11, 2),
(12, 2),
(13, 2),
(15, 2);

--
-- Indexes for dumped tables
--

--
-- Indexes for table `adc`
--
ALTER TABLE `adc`
  ADD PRIMARY KEY (`adc_id`),
  ADD UNIQUE KEY `UK_l6rn9d3ao90ewrttlq11jqchr` (`code`),
  ADD UNIQUE KEY `UK_d5p0bd8b3j686w8j751xq4tw7` (`name`),
  ADD KEY `FKj8jksvpux9dupbt2olvhic45y` (`city_id`);

--
-- Indexes for table `city`
--
ALTER TABLE `city`
  ADD PRIMARY KEY (`id`),
  ADD KEY `FKcn21jkqsyta7q1obtg5qhojsw` (`reg_id`);

--
-- Indexes for table `downlines`
--
ALTER TABLE `downlines`
  ADD UNIQUE KEY `UK_6bxt400xi4jnseoboqs4d2ap6` (`downline_id`),
  ADD KEY `FKl86ogtr22ya0s81lqr32cxgen` (`upline_id`);

--
-- Indexes for table `member_type`
--
ALTER TABLE `member_type`
  ADD PRIMARY KEY (`mem_type_id`);

--
-- Indexes for table `product`
--
ALTER TABLE `product`
  ADD PRIMARY KEY (`id`);

--
-- Indexes for table `region`
--
ALTER TABLE `region`
  ADD PRIMARY KEY (`id`);

--
-- Indexes for table `registration_code`
--
ALTER TABLE `registration_code`
  ADD PRIMARY KEY (`code`),
  ADD KEY `FK94rfg22udh50jl63eq9c89dwt` (`adc_id`),
  ADD KEY `FKll7bq4joxnh339h8lu9vx2gjk` (`added_by`),
  ADD KEY `FKep6s65f858xt0aevw2451snut` (`sold_to`);

--
-- Indexes for table `role`
--
ALTER TABLE `role`
  ADD PRIMARY KEY (`role_id`),
  ADD UNIQUE KEY `UK_8sewwnpamngi6b1dwaa88askk` (`name`);

--
-- Indexes for table `user`
--
ALTER TABLE `user`
  ADD PRIMARY KEY (`user_id`),
  ADD UNIQUE KEY `UK_sb8bbouer5wak8vyiiy4pf2bx` (`username`),
  ADD KEY `FKq4kv3xv59r24ywie1fbhbkit1` (`adc_id`),
  ADD KEY `FKtkrpevhwngcck28gavw48a9ke` (`direct_sponsor_id`),
  ADD KEY `FK45nifjc00ynx17vhgf0xifi65` (`immediate_upline_id`),
  ADD KEY `FK29eqyw0gxw5r4f1ommy11nd9i` (`city_id`);

--
-- Indexes for table `user_role`
--
ALTER TABLE `user_role`
  ADD PRIMARY KEY (`user_id`,`role_id`),
  ADD KEY `FKa68196081fvovjhkek5m97n3y` (`role_id`);

--
-- AUTO_INCREMENT for dumped tables
--

--
-- AUTO_INCREMENT for table `adc`
--
ALTER TABLE `adc`
  MODIFY `adc_id` bigint(20) NOT NULL AUTO_INCREMENT, AUTO_INCREMENT=9;

--
-- AUTO_INCREMENT for table `city`
--
ALTER TABLE `city`
  MODIFY `id` bigint(20) NOT NULL AUTO_INCREMENT, AUTO_INCREMENT=1648;

--
-- AUTO_INCREMENT for table `member_type`
--
ALTER TABLE `member_type`
  MODIFY `mem_type_id` bigint(20) NOT NULL AUTO_INCREMENT;

--
-- AUTO_INCREMENT for table `product`
--
ALTER TABLE `product`
  MODIFY `id` bigint(20) NOT NULL AUTO_INCREMENT;

--
-- AUTO_INCREMENT for table `role`
--
ALTER TABLE `role`
  MODIFY `role_id` bigint(20) NOT NULL AUTO_INCREMENT, AUTO_INCREMENT=6;

--
-- AUTO_INCREMENT for table `user`
--
ALTER TABLE `user`
  MODIFY `user_id` bigint(20) NOT NULL AUTO_INCREMENT, AUTO_INCREMENT=16;

--
-- Constraints for dumped tables
--

--
-- Constraints for table `adc`
--
ALTER TABLE `adc`
  ADD CONSTRAINT `FKj8jksvpux9dupbt2olvhic45y` FOREIGN KEY (`city_id`) REFERENCES `city` (`id`);

--
-- Constraints for table `city`
--
ALTER TABLE `city`
  ADD CONSTRAINT `FKcn21jkqsyta7q1obtg5qhojsw` FOREIGN KEY (`reg_id`) REFERENCES `region` (`id`);

--
-- Constraints for table `downlines`
--
ALTER TABLE `downlines`
  ADD CONSTRAINT `FKl86ogtr22ya0s81lqr32cxgen` FOREIGN KEY (`upline_id`) REFERENCES `user` (`user_id`),
  ADD CONSTRAINT `FKlrm5cwjwlx6ltej1age3yyjjv` FOREIGN KEY (`downline_id`) REFERENCES `user` (`user_id`);

--
-- Constraints for table `registration_code`
--
ALTER TABLE `registration_code`
  ADD CONSTRAINT `FK94rfg22udh50jl63eq9c89dwt` FOREIGN KEY (`adc_id`) REFERENCES `adc` (`adc_id`),
  ADD CONSTRAINT `FKep6s65f858xt0aevw2451snut` FOREIGN KEY (`sold_to`) REFERENCES `user` (`user_id`),
  ADD CONSTRAINT `FKll7bq4joxnh339h8lu9vx2gjk` FOREIGN KEY (`added_by`) REFERENCES `user` (`user_id`);

--
-- Constraints for table `user`
--
ALTER TABLE `user`
  ADD CONSTRAINT `FK29eqyw0gxw5r4f1ommy11nd9i` FOREIGN KEY (`city_id`) REFERENCES `city` (`id`),
  ADD CONSTRAINT `FK45nifjc00ynx17vhgf0xifi65` FOREIGN KEY (`immediate_upline_id`) REFERENCES `user` (`user_id`),
  ADD CONSTRAINT `FKq4kv3xv59r24ywie1fbhbkit1` FOREIGN KEY (`adc_id`) REFERENCES `adc` (`adc_id`),
  ADD CONSTRAINT `FKtkrpevhwngcck28gavw48a9ke` FOREIGN KEY (`direct_sponsor_id`) REFERENCES `user` (`user_id`);

--
-- Constraints for table `user_role`
--
ALTER TABLE `user_role`
  ADD CONSTRAINT `FK859n2jvi8ivhui0rl0esws6o` FOREIGN KEY (`user_id`) REFERENCES `user` (`user_id`),
  ADD CONSTRAINT `FKa68196081fvovjhkek5m97n3y` FOREIGN KEY (`role_id`) REFERENCES `role` (`role_id`);
COMMIT;

/*!40101 SET CHARACTER_SET_CLIENT=@OLD_CHARACTER_SET_CLIENT */;
/*!40101 SET CHARACTER_SET_RESULTS=@OLD_CHARACTER_SET_RESULTS */;
/*!40101 SET COLLATION_CONNECTION=@OLD_COLLATION_CONNECTION */;
